School ID,School Name,Total Enrolled,Grade PK3,Grade PK4,Grade KG,Grade 01,Grade 02,Grade 03,Grade 04,Grade 05,Grade 06,Grade 07,Grade 08,Grade 09,Grade 10,Grade 11,Grade 12,AO,UN,ELL,Special Ed Level 1,Special Ed Level 2,Special Ed Level 3,Special Ed Level 4,School Type,School_Type_Specific,School Year Start,Data Source,Data Source Website
947,C.H.O.I.C.E. Academy at Emery,9,0,0,0,0,0,0,0,0,0,0,0,0,0,0,0,0,9,0,0,0,0,0,DCPS Alternative Schools,Unknown,FY2014,OSSE,http://osse.dc.gov/enrollment
950,"Incarcerated Youth Program, Correctional Detention Facility",26,0,0,0,0,0,0,0,0,0,0,0,0,0,0,0,0,26,0,0,8,2,2,DCPS Alternative Schools,Unknown,FY2014,OSSE,http://osse.dc.gov/enrollment
884,Luke C. Moore HS,364,0,0,0,0,0,0,0,0,0,0,0,0,0,0,0,0,364,1,14,16,0,0,DCPS Alternative Schools,Unknown,FY2014,OSSE,http://osse.dc.gov/enrollment
474,Washington Metropolitan HS (formerly YEA),280,0,0,0,0,0,0,0,0,0,0,0,0,0,0,0,0,280,2,13,20,7,0,DCPS Alternative Schools,Unknown,FY2014,OSSE,http://osse.dc.gov/enrollment
861,Youth Services Center,89,0,0,0,0,0,0,0,0,0,0,0,0,0,0,0,0,89,0,3,7,6,11,DCPS Alternative Schools,Unknown,FY2014,OSSE,http://osse.dc.gov/enrollment
265,Mamie D. Lee School,62,0,0,0,0,0,0,0,0,0,0,0,0,0,0,0,0,62,4,0,0,0,62,DCPS Special Education Schools ,Unknown,FY2014,OSSE,http://osse.dc.gov/enrollment
312,Sharpe Health School,67,0,0,0,0,0,0,0,0,0,0,0,0,0,0,0,0,67,5,0,0,0,65,DCPS Special Education Schools ,Unknown,FY2014,OSSE,http://osse.dc.gov/enrollment
202,Aiton ES,247,39,44,30,33,40,22,21,18,0,0,0,0,0,0,0,0,0,2,17,4,1,2,DCPS Schools,Elementary,FY2014,OSSE,http://osse.dc.gov/enrollment
203,Amidon-Bowen  ES,342,30,42,46,57,49,47,44,27,0,0,0,0,0,0,0,0,0,7,27,21,2,2,DCPS Schools,Elementary,FY2014,OSSE,http://osse.dc.gov/enrollment
450,Anacostia HS,751,0,0,0,0,0,0,0,0,0,0,0,325,183,127,116,0,0,0,30,70,79,39,DCPS Schools,Senior High School,FY2014,OSSE,http://osse.dc.gov/enrollment
452,Ballou HS,678,0,0,0,0,0,0,0,0,0,0,0,268,154,136,120,0,0,1,36,96,22,63,DCPS Schools,Senior High School,FY2014,OSSE,http://osse.dc.gov/enrollment
462,Ballou STAY,578,0,0,0,0,0,0,0,0,0,0,0,0,0,0,0,578,0,0,12,12,3,1,DCPS Schools,Unknown,FY2014,OSSE,http://osse.dc.gov/enrollment
204,Bancroft ES,490,47,59,77,65,68,52,72,50,0,0,0,0,0,0,0,0,0,283,48,6,0,7,DCPS Schools,Elementary,FY2014,OSSE,http://osse.dc.gov/enrollment
205,Barnard ES,583,64,84,91,85,78,74,53,54,0,0,0,0,0,0,0,0,0,191,49,13,2,22,DCPS Schools,Elementary,FY2014,OSSE,http://osse.dc.gov/enrollment
206,Beers ES,422,44,55,66,44,60,42,65,46,0,0,0,0,0,0,0,0,0,1,27,25,3,46,DCPS Schools,Elementary,FY2014,OSSE,http://osse.dc.gov/enrollment
402,Benjamin Banneker HS,430,0,0,0,0,0,0,0,0,0,0,0,142,88,97,103,0,0,2,0,0,0,0,DCPS Schools,Senior High School,FY2014,OSSE,http://osse.dc.gov/enrollment
212,Brent ES,359,39,48,52,58,52,48,47,15,0,0,0,0,0,0,0,0,0,5,28,2,0,2,DCPS Schools,Elementary,FY2014,OSSE,http://osse.dc.gov/enrollment
213,Brightwood EC,615,38,47,77,89,59,47,54,57,40,54,53,0,0,0,0,0,0,362,47,10,0,4,DCPS Schools,Elementary,FY2014,OSSE,http://osse.dc.gov/enrollment
346,Brookland EC at Bunker Hill,249,15,18,19,19,26,20,23,32,25,26,26,0,0,0,0,0,0,11,23,10,0,0,DCPS Schools,Elementary,FY2014,OSSE,http://osse.dc.gov/enrollment
404,Browne EC,349,27,42,28,28,34,35,26,32,29,30,38,0,0,0,0,0,0,17,30,16,3,9,DCPS Schools,Elementary,FY2014,OSSE,http://osse.dc.gov/enrollment
296,Bruce Monroe ES at Park View,465,48,53,79,70,62,59,39,55,0,0,0,0,0,0,0,0,0,308,41,11,4,1,DCPS Schools,Elementary,FY2014,OSSE,http://osse.dc.gov/enrollment
220,Burroughs EC,278,28,29,39,23,29,20,24,22,25,19,20,0,0,0,0,0,0,13,24,20,3,22,DCPS Schools,Elementary,FY2014,OSSE,http://osse.dc.gov/enrollment
221,Burrville ES,354,46,60,51,50,38,36,31,42,0,0,0,0,0,0,0,0,0,1,18,11,1,0,DCPS Schools,Elementary,FY2014,OSSE,http://osse.dc.gov/enrollment
247,C.W.  Harris ES,269,17,36,48,47,35,34,24,28,0,0,0,0,0,0,0,0,0,2,22,12,4,29,DCPS Schools,Elementary,FY2014,OSSE,http://osse.dc.gov/enrollment
360,Capitol Hill Montessori at Logan,288,63,60,45,48,20,21,19,5,7,0,0,0,0,0,0,0,0,4,11,0,0,0,DCPS Schools,Elementary,FY2014,OSSE,http://osse.dc.gov/enrollment
454,Cardozo EC,681,0,0,0,0,0,0,0,0,28,53,65,235,151,93,56,0,0,177,34,75,26,62,DCPS Schools,Middle School,FY2014,OSSE,http://osse.dc.gov/enrollment
224,Cleveland ES,303,37,40,49,41,37,44,24,31,0,0,0,0,0,0,0,0,0,56,23,2,0,2,DCPS Schools,Elementary,FY2014,OSSE,http://osse.dc.gov/enrollment
442,Columbia Heights EC (CHEC),1266,0,0,0,0,0,0,0,0,100,94,123,322,231,198,198,0,0,393,98,23,1,3,DCPS Schools,Middle School,FY2014,OSSE,http://osse.dc.gov/enrollment
455,Coolidge HS,433,0,0,0,0,0,0,0,0,0,0,0,143,106,83,101,0,0,44,13,46,11,31,DCPS Schools,Senior High School,FY2014,OSSE,http://osse.dc.gov/enrollment
405,Deal MS,1248,0,0,0,0,0,0,0,0,413,440,395,0,0,0,0,0,0,52,49,69,4,5,DCPS Schools,Middle School,FY2014,OSSE,http://osse.dc.gov/enrollment
231,Drew ES,168,23,27,27,18,22,18,14,19,0,0,0,0,0,0,0,0,0,0,10,11,2,1,DCPS Schools,Elementary,FY2014,OSSE,http://osse.dc.gov/enrollment
471,Duke Ellington School of the Arts,541,0,0,0,0,0,0,0,0,0,0,0,154,144,131,112,0,0,8,25,2,0,0,DCPS Schools,Senior High School,FY2014,OSSE,http://osse.dc.gov/enrollment
467,Dunbar HS,628,0,0,0,0,0,0,0,0,0,0,0,206,134,148,140,0,0,2,49,57,19,23,DCPS Schools,Senior High School,FY2014,OSSE,http://osse.dc.gov/enrollment
457,Eastern HS,783,0,0,0,0,0,0,0,0,0,0,0,374,205,203,1,0,0,4,32,91,29,51,DCPS Schools,Senior High School,FY2014,OSSE,http://osse.dc.gov/enrollment
232,Eaton ES,470,0,36,72,76,70,76,65,75,0,0,0,0,0,0,0,0,0,52,17,16,2,2,DCPS Schools,Elementary,FY2014,OSSE,http://osse.dc.gov/enrollment
407,Eliot-Hine MS,292,0,0,0,0,0,0,0,0,90,86,116,0,0,0,0,0,0,1,9,25,8,31,DCPS Schools,Middle School,FY2014,OSSE,http://osse.dc.gov/enrollment
238,Garfield ES,266,19,31,42,44,41,43,22,24,0,0,0,0,0,0,0,0,0,0,25,7,1,0,DCPS Schools,Elementary,FY2014,OSSE,http://osse.dc.gov/enrollment
239,Garrison ES,280,42,48,47,27,30,41,20,25,0,0,0,0,0,0,0,0,0,34,22,8,1,44,DCPS Schools,Elementary,FY2014,OSSE,http://osse.dc.gov/enrollment
227,H.D. Cooke ES,396,30,56,64,60,53,52,47,34,0,0,0,0,0,0,0,0,0,173,25,9,1,0,DCPS Schools,Elementary,FY2014,OSSE,http://osse.dc.gov/enrollment
464,H.D. Woodson HS,762,0,0,0,0,0,0,0,0,0,0,0,266,162,171,163,0,0,5,69,72,31,48,DCPS Schools,Senior High School,FY2014,OSSE,http://osse.dc.gov/enrollment
246,Hardy MS,371,0,0,0,0,0,0,0,0,110,134,127,0,0,0,0,0,0,22,14,21,5,6,DCPS Schools,Middle School,FY2014,OSSE,http://osse.dc.gov/enrollment
413,Hart MS,561,0,0,0,0,0,0,0,0,190,200,171,0,0,0,0,0,0,1,16,39,51,44,DCPS Schools,Middle School,FY2014,OSSE,http://osse.dc.gov/enrollment
258,Hearst ES,287,2,43,43,41,50,34,40,34,0,0,0,0,0,0,0,0,0,21,14,3,1,11,DCPS Schools,Elementary,FY2014,OSSE,http://osse.dc.gov/enrollment
249,Hendley ES,521,26,36,81,73,87,74,74,70,0,0,0,0,0,0,0,0,0,0,39,29,0,3,DCPS Schools,Elementary,FY2014,OSSE,http://osse.dc.gov/enrollment
251,Houston ES,274,24,35,45,44,37,24,37,28,0,0,0,0,0,0,0,0,0,3,12,16,3,7,DCPS Schools,Elementary,FY2014,OSSE,http://osse.dc.gov/enrollment
252,Hyde-Addison ES,334,0,21,47,51,72,66,44,33,0,0,0,0,0,0,0,0,0,25,22,4,1,4,DCPS Schools,Elementary,FY2014,OSSE,http://osse.dc.gov/enrollment
339,J.O. Wilson ES,433,46,61,64,69,62,61,32,38,0,0,0,0,0,0,0,0,0,9,25,8,4,23,DCPS Schools,Elementary,FY2014,OSSE,http://osse.dc.gov/enrollment
254,Janney ES,627,0,60,102,113,95,101,84,72,0,0,0,0,0,0,0,0,0,32,32,0,2,3,DCPS Schools,Elementary,FY2014,OSSE,http://osse.dc.gov/enrollment
433,Jefferson Middle School Academy,299,0,0,0,0,0,0,0,0,104,100,95,0,0,0,0,0,0,2,18,26,6,22,DCPS Schools,Middle School,FY2014,OSSE,http://osse.dc.gov/enrollment
416,Johnson MS,271,0,0,0,0,0,0,0,0,98,80,93,0,0,0,0,0,0,2,16,43,4,9,DCPS Schools,Middle School,FY2014,OSSE,http://osse.dc.gov/enrollment
421,Kelly Miller MS,513,0,0,0,0,0,0,0,0,190,168,155,0,0,0,0,0,0,6,17,47,7,31,DCPS Schools,Middle School,FY2014,OSSE,http://osse.dc.gov/enrollment
257,Ketcham ES,306,30,40,58,52,34,25,39,28,0,0,0,0,0,0,0,0,0,1,22,7,3,1,DCPS Schools,Elementary,FY2014,OSSE,http://osse.dc.gov/enrollment
272,Key ES,381,0,39,61,64,59,67,54,37,0,0,0,0,0,0,0,0,0,34,25,1,2,0,DCPS Schools,Elementary,FY2014,OSSE,http://osse.dc.gov/enrollment
259,Kimball ES,330,30,39,48,42,44,51,44,32,0,0,0,0,0,0,0,0,0,0,20,10,6,0,DCPS Schools,Elementary,FY2014,OSSE,http://osse.dc.gov/enrollment
344,King ES,410,30,48,61,60,51,55,55,50,0,0,0,0,0,0,0,0,0,0,16,22,3,0,DCPS Schools,Elementary,FY2014,OSSE,http://osse.dc.gov/enrollment
417,Kramer MS,368,0,0,0,0,0,0,0,0,109,132,127,0,0,0,0,0,0,0,11,53,5,14,DCPS Schools,Middle School,FY2014,OSSE,http://osse.dc.gov/enrollment
261,Lafayette ES,689,0,79,104,98,104,110,101,93,0,0,0,0,0,0,0,0,0,19,24,11,1,1,DCPS Schools,Elementary,FY2014,OSSE,http://osse.dc.gov/enrollment
262,Langdon EC,349,26,42,40,52,46,26,18,31,25,20,23,0,0,0,0,0,0,16,25,17,1,1,DCPS Schools,Elementary,FY2014,OSSE,http://osse.dc.gov/enrollment
370,Langley ES,280,31,36,36,56,34,28,25,34,0,0,0,0,0,0,0,0,0,9,26,5,2,30,DCPS Schools,Elementary,FY2014,OSSE,http://osse.dc.gov/enrollment
264,LaSalle Backus EC,342,20,33,34,31,40,28,31,29,31,37,28,0,0,0,0,0,0,94,32,12,1,17,DCPS Schools,Elementary,FY2014,OSSE,http://osse.dc.gov/enrollment
266,Leckie ES,374,42,57,65,53,47,52,33,25,0,0,0,0,0,0,0,0,0,1,25,7,4,0,DCPS Schools,Elementary,FY2014,OSSE,http://osse.dc.gov/enrollment
271,Ludlow-Taylor ES,299,48,55,44,38,48,21,25,20,0,0,0,0,0,0,0,0,0,3,26,1,1,28,DCPS Schools,Elementary,FY2014,OSSE,http://osse.dc.gov/enrollment
308,Malcolm X ES at Green,225,34,34,35,32,22,20,27,21,0,0,0,0,0,0,0,0,0,0,17,7,3,3,DCPS Schools,Elementary,FY2014,OSSE,http://osse.dc.gov/enrollment
273,Mann ES,287,0,38,55,49,44,44,32,25,0,0,0,0,0,0,0,0,0,32,12,1,0,0,DCPS Schools,Elementary,FY2014,OSSE,http://osse.dc.gov/enrollment
284,Marie Reed ES,377,52,43,68,43,58,51,29,33,0,0,0,0,0,0,0,0,0,216,33,1,0,1,DCPS Schools,Elementary,FY2014,OSSE,http://osse.dc.gov/enrollment
274,Maury ES,339,35,50,52,53,41,54,38,16,0,0,0,0,0,0,0,0,0,3,20,1,0,1,DCPS Schools,Elementary,FY2014,OSSE,http://osse.dc.gov/enrollment
435,McKinley Middle School,193,0,0,0,0,0,0,0,0,67,59,67,0,0,0,0,0,0,7,15,7,0,26,DCPS Schools,Middle School,FY2014,OSSE,http://osse.dc.gov/enrollment
458,McKinley Technology HS,674,0,0,0,0,0,0,0,0,0,0,0,207,172,156,139,0,0,3,8,2,0,0,DCPS Schools,Senior High School,FY2014,OSSE,http://osse.dc.gov/enrollment
280,Miner ES,426,50,57,64,64,55,48,45,43,0,0,0,0,0,0,0,0,0,5,22,23,2,14,DCPS Schools,Elementary,FY2014,OSSE,http://osse.dc.gov/enrollment
285,Moten ES,362,25,36,62,51,45,53,48,42,0,0,0,0,0,0,0,0,0,2,23,19,3,1,DCPS Schools,Elementary,FY2014,OSSE,http://osse.dc.gov/enrollment
287,Murch ES,626,0,59,101,106,89,95,91,85,0,0,0,0,0,0,0,0,0,53,21,1,2,8,DCPS Schools,Elementary,FY2014,OSSE,http://osse.dc.gov/enrollment
288,Nalle ES,369,40,44,54,57,41,40,39,54,0,0,0,0,0,0,0,0,0,10,22,15,2,0,DCPS Schools,Elementary,FY2014,OSSE,http://osse.dc.gov/enrollment
290,Noyes EC,305,18,28,40,27,27,30,26,32,30,23,24,0,0,0,0,0,0,15,17,15,3,15,DCPS Schools,Elementary,FY2014,OSSE,http://osse.dc.gov/enrollment
291,Orr ES,355,45,56,53,52,43,41,32,33,0,0,0,0,0,0,0,0,0,0,36,10,0,2,DCPS Schools,Elementary,FY2014,OSSE,http://osse.dc.gov/enrollment
292,Oyster-Adams Bilingual School ,661,5,39,71,76,72,73,68,75,49,61,72,0,0,0,0,0,0,102,44,15,1,13,DCPS Schools,Elementary,FY2014,OSSE,http://osse.dc.gov/enrollment
294,Patterson ES,356,34,43,46,63,49,37,51,33,0,0,0,0,0,0,0,0,0,1,32,15,3,28,DCPS Schools,Elementary,FY2014,OSSE,http://osse.dc.gov/enrollment
295,Payne ES,258,26,44,41,34,32,38,20,23,0,0,0,0,0,0,0,0,0,3,12,7,0,19,DCPS Schools,Elementary,FY2014,OSSE,http://osse.dc.gov/enrollment
301,Peabody ES ,228,60,81,87,0,0,0,0,0,0,0,0,0,0,0,0,0,0,3,7,2,1,0,DCPS Schools,PreK,FY2014,OSSE,http://osse.dc.gov/enrollment
478,Phelps Architecture Construction and Engineering HS,319,0,0,0,0,0,0,0,0,0,0,0,146,70,43,60,0,0,14,14,14,2,11,DCPS Schools,Senior High School,FY2014,OSSE,http://osse.dc.gov/enrollment
299,Plummer ES,416,36,50,73,66,42,59,44,46,0,0,0,0,0,0,0,0,0,21,25,11,2,35,DCPS Schools,Elementary,FY2014,OSSE,http://osse.dc.gov/enrollment
300,Powell ES,406,33,56,65,75,57,56,32,32,0,0,0,0,0,0,0,0,0,247,43,5,0,0,DCPS Schools,Elementary,FY2014,OSSE,http://osse.dc.gov/enrollment
316,Randle Highlands ES,335,38,43,46,55,34,45,40,34,0,0,0,0,0,0,0,0,0,2,44,2,0,1,DCPS Schools,Elementary,FY2014,OSSE,http://osse.dc.gov/enrollment
302,Raymond EC,543,45,59,75,64,66,33,36,39,31,50,45,0,0,0,0,0,0,224,65,12,1,0,DCPS Schools,Elementary,FY2014,OSSE,http://osse.dc.gov/enrollment
459,Roosevelt HS at MacFarland,438,0,0,0,0,0,0,0,0,0,0,0,159,86,108,85,0,0,99,34,53,7,31,DCPS Schools,Senior High School,FY2014,OSSE,http://osse.dc.gov/enrollment
456,Roosevelt STAY at MacFarland,850,0,0,0,0,0,0,0,0,0,0,0,0,0,0,0,850,0,19,22,7,0,0,DCPS Schools,Unknown,FY2014,OSSE,http://osse.dc.gov/enrollment
305,Ross ES,161,16,20,31,20,24,22,20,8,0,0,0,0,0,0,0,0,0,31,7,1,0,0,DCPS Schools,Elementary,FY2014,OSSE,http://osse.dc.gov/enrollment
307,Savoy ES,408,27,38,57,66,59,45,56,60,0,0,0,0,0,0,0,0,0,5,24,16,1,1,DCPS Schools,Elementary,FY2014,OSSE,http://osse.dc.gov/enrollment
943,School Within School at Goding,205,32,46,44,44,39,0,0,0,0,0,0,0,0,0,0,0,0,0,11,4,1,9,DCPS Schools,PreK,FY2014,OSSE,http://osse.dc.gov/enrollment
409,School Without Walls at Francis Stevens,284,24,38,26,23,21,14,16,20,32,32,38,0,0,0,0,0,0,28,24,12,2,1,DCPS Schools,Elementary,FY2014,OSSE,http://osse.dc.gov/enrollment
466,School Without Walls HS,585,0,0,0,0,0,0,0,0,0,0,0,148,163,147,127,0,0,0,4,0,0,0,DCPS Schools,Senior High School,FY2014,OSSE,http://osse.dc.gov/enrollment
309,Seaton ES,253,27,42,42,30,27,29,28,28,0,0,0,0,0,0,0,0,0,115,14,8,0,13,DCPS Schools,Elementary,FY2014,OSSE,http://osse.dc.gov/enrollment
313,Shepherd ES,304,0,33,43,38,46,46,43,55,0,0,0,0,0,0,0,0,0,7,10,12,4,1,DCPS Schools,Elementary,FY2014,OSSE,http://osse.dc.gov/enrollment
315,Simon ES,296,21,31,43,50,34,51,35,31,0,0,0,0,0,0,0,0,0,1,24,15,4,2,DCPS Schools,Elementary,FY2014,OSSE,http://osse.dc.gov/enrollment
322,Smothers ES,290,29,43,36,46,36,44,25,31,0,0,0,0,0,0,0,0,0,4,15,10,1,15,DCPS Schools,Elementary,FY2014,OSSE,http://osse.dc.gov/enrollment
427,Sousa MS,295,0,0,0,0,0,0,0,0,79,103,113,0,0,0,0,0,0,0,24,18,6,9,DCPS Schools,Middle School,FY2014,OSSE,http://osse.dc.gov/enrollment
319,Stanton ES,585,30,57,92,89,80,85,92,60,0,0,0,0,0,0,0,0,0,2,47,20,1,1,DCPS Schools,Elementary,FY2014,OSSE,http://osse.dc.gov/enrollment
321,Stoddert ES,381,0,19,81,77,74,60,40,30,0,0,0,0,0,0,0,0,0,74,22,1,0,1,DCPS Schools,Elementary,FY2014,OSSE,http://osse.dc.gov/enrollment
428,Stuart-Hobson MS ,417,0,0,0,0,0,0,0,0,145,139,133,0,0,0,0,0,0,4,22,25,0,2,DCPS Schools,Middle School,FY2014,OSSE,http://osse.dc.gov/enrollment
324,Takoma EC,442,30,44,55,61,38,33,29,38,36,34,44,0,0,0,0,0,0,111,21,20,8,25,DCPS Schools,Elementary,FY2014,OSSE,http://osse.dc.gov/enrollment
325,Thomas ES,414,34,61,63,65,53,59,41,38,0,0,0,0,0,0,0,0,0,1,39,14,0,19,DCPS Schools,Elementary,FY2014,OSSE,http://osse.dc.gov/enrollment
326,Thomson ES,289,30,36,44,39,39,31,33,37,0,0,0,0,0,0,0,0,0,161,31,10,0,0,DCPS Schools,Elementary,FY2014,OSSE,http://osse.dc.gov/enrollment
327,Truesdell EC,480,31,50,64,58,54,25,36,44,26,43,49,0,0,0,0,0,0,222,49,26,2,3,DCPS Schools,Elementary,FY2014,OSSE,http://osse.dc.gov/enrollment
328,Tubman ES,509,29,39,91,97,79,68,55,51,0,0,0,0,0,0,0,0,0,171,41,6,2,20,DCPS Schools,Elementary,FY2014,OSSE,http://osse.dc.gov/enrollment
329,Turner ES,403,38,46,55,60,49,50,53,52,0,0,0,0,0,0,0,0,0,0,13,22,3,1,DCPS Schools,Elementary,FY2014,OSSE,http://osse.dc.gov/enrollment
330,Tyler ES,507,57,79,83,97,70,51,32,38,0,0,0,0,0,0,0,0,0,7,33,14,8,20,DCPS Schools,Elementary,FY2014,OSSE,http://osse.dc.gov/enrollment
332,Walker-Jones EC,454,37,45,53,56,40,40,29,29,35,41,49,0,0,0,0,0,0,12,40,31,15,16,DCPS Schools,Elementary,FY2014,OSSE,http://osse.dc.gov/enrollment
333,Watkins ES ,545,0,0,0,99,94,128,126,98,0,0,0,0,0,0,0,0,0,4,29,12,0,2,DCPS Schools,Elementary,FY2014,OSSE,http://osse.dc.gov/enrollment
336,West EC,258,28,36,22,29,21,17,23,17,25,21,19,0,0,0,0,0,0,20,20,6,0,1,DCPS Schools,Elementary,FY2014,OSSE,http://osse.dc.gov/enrollment
335,Wheatley EC,442,28,37,45,48,41,40,40,34,43,39,47,0,0,0,0,0,0,5,36,36,6,2,DCPS Schools,Elementary,FY2014,OSSE,http://osse.dc.gov/enrollment
338,Whittier EC,362,22,29,39,31,34,41,30,33,25,37,41,0,0,0,0,0,0,40,34,22,0,19,DCPS Schools,Elementary,FY2014,OSSE,http://osse.dc.gov/enrollment
463,Wilson HS,1696,0,0,0,0,0,0,0,0,0,0,0,559,395,394,348,0,0,87,56,65,35,22,DCPS Schools,Senior High School,FY2014,OSSE,http://osse.dc.gov/enrollment
Booker T.  Washington PCS,Booker T.  Washington PCS,177,0,0,0,0,0,0,0,0,0,0,0,0,0,0,0,0,177,9,3,23,11,13,Public Charter Alternative Schools,Unknown,FY2014,OSSE,http://osse.dc.gov/enrollment
Latin American Youth Center Career Academy PCS,Latin American Youth Center Career Academy PCS,28,0,0,0,0,0,0,0,0,0,0,0,0,0,0,0,0,28,6,1,0,0,2,Public Charter Alternative Schools,Unknown,FY2014,OSSE,http://osse.dc.gov/enrollment
Maya Angelou Evans Campus PCS,Maya Angelou Evans Campus PCS,296,0,0,0,0,0,0,0,0,0,0,0,0,0,0,0,0,296,0,9,8,54,20,Public Charter Alternative Schools,Unknown,FY2014,OSSE,http://osse.dc.gov/enrollment
The Next Step PCS,The Next Step PCS,146,0,0,0,0,0,0,0,0,0,0,0,0,0,0,0,0,146,106,3,5,4,0,Public Charter Alternative Schools,Unknown,FY2014,OSSE,http://osse.dc.gov/enrollment
Youthbuild PCS,Youthbuild PCS,116,0,0,0,0,0,0,0,0,0,0,0,0,0,0,0,0,116,29,3,5,0,0,Public Charter Alternative Schools,Unknown,FY2014,OSSE,http://osse.dc.gov/enrollment
St. Coletta Special Education PCS,St. Coletta Special Education PCS,250,0,0,0,0,0,0,0,0,0,0,0,0,0,0,0,0,250,0,0,0,0,245,Public Charter Special Education Schools,Unknown,FY2014,OSSE,http://osse.dc.gov/enrollment
Achievement Preparatory PCS - Elementary,Achievement Preparatory PCS - Elementary,233,0,0,57,49,67,59,1,0,0,0,0,0,0,0,0,0,0,0,9,8,1,2,Public Charter Schools,Unknown,FY2014,OSSE,http://osse.dc.gov/enrollment
Achievement Preparatory PCS - Middle School,Achievement Preparatory PCS - Middle School,382,0,0,0,0,0,0,121,97,69,63,32,0,0,0,0,0,0,0,25,25,13,1,Public Charter Schools,Middle School,FY2014,OSSE,http://osse.dc.gov/enrollment
AppleTree Early Learning Center PCS - Columbia Heights,AppleTree Early Learning Center PCS - Columbia Heights,161,98,63,0,0,0,0,0,0,0,0,0,0,0,0,0,0,0,38,6,4,0,0,Public Charter Schools,PreK,FY2014,OSSE,http://osse.dc.gov/enrollment
AppleTree Early Learning Center PCS - Lincoln Park,AppleTree Early Learning Center PCS - Lincoln Park,63,46,17,0,0,0,0,0,0,0,0,0,0,0,0,0,0,0,4,2,0,0,1,Public Charter Schools,PreK,FY2014,OSSE,http://osse.dc.gov/enrollment
AppleTree Early Learning Center PCS - Oklahoma,AppleTree Early Learning Center PCS - Oklahoma,172,84,88,0,0,0,0,0,0,0,0,0,0,0,0,0,0,0,2,3,0,0,0,Public Charter Schools,PreK,FY2014,OSSE,http://osse.dc.gov/enrollment
AppleTree Early Learning PCS - Southeast,AppleTree Early Learning PCS - Southeast,172,81,91,0,0,0,0,0,0,0,0,0,0,0,0,0,0,0,0,4,1,0,0,Public Charter Schools,PreK,FY2014,OSSE,http://osse.dc.gov/enrollment
AppleTree Early Learning Center PCS - Southwest,AppleTree Early Learning Center PCS - Southwest,79,45,34,0,0,0,0,0,0,0,0,0,0,0,0,0,0,0,5,4,0,0,0,Public Charter Schools,PreK,FY2014,OSSE,http://osse.dc.gov/enrollment
Arts and Technology PCS,Arts and Technology PCS,618,107,99,91,86,67,61,51,56,0,0,0,0,0,0,0,0,0,3,29,25,5,11,Public Charter Schools,Elementary,FY2014,OSSE,http://osse.dc.gov/enrollment
Basis DC PCS,Basis DC PCS,510,0,0,0,0,0,0,0,133,162,125,59,31,0,0,0,0,0,2,24,2,0,1,Public Charter Schools,Middle School,FY2014,OSSE,http://osse.dc.gov/enrollment
Booker T.  Washington PCS,Booker T.  Washington PCS,345,0,0,0,0,0,0,0,0,0,0,0,0,0,0,0,345,0,0,1,0,1,1,Public Charter Schools,Unknown,FY2014,OSSE,http://osse.dc.gov/enrollment
Bridges PCS,Bridges PCS,211,55,74,54,28,0,0,0,0,0,0,0,0,0,0,0,0,0,78,28,8,2,22,Public Charter Schools,PreK,FY2014,OSSE,http://osse.dc.gov/enrollment
Briya PCS,Briya PCS,478,38,6,0,0,0,0,0,0,0,0,0,0,0,0,0,434,0,49,3,0,0,0,Public Charter Schools,PreK,FY2014,OSSE,http://osse.dc.gov/enrollment
Capital City PCS - High School,Capital City PCS - High School,337,0,0,0,0,0,0,0,0,0,0,0,91,85,83,78,0,0,47,5,25,20,15,Public Charter Schools,Senior High School,FY2014,OSSE,http://osse.dc.gov/enrollment
Capital City PCS - Lower School,Capital City PCS - Lower School,321,32,40,46,50,50,51,52,0,0,0,0,0,0,0,0,0,0,92,6,5,7,5,Public Charter Schools,PreK,FY2014,OSSE,http://osse.dc.gov/enrollment
Capital City PCS - Middle School,Capital City PCS - Middle School,326,0,0,0,0,0,0,0,81,81,79,85,0,0,0,0,0,0,61,8,28,18,8,Public Charter Schools,Middle School,FY2014,OSSE,http://osse.dc.gov/enrollment
Carlos Rosario International PCS Harvard Street Campus,Carlos Rosario International PCS Harvard Street Campus,1983,0,0,0,0,0,0,0,0,0,0,0,0,0,0,0,1983,0,114,0,0,0,0,Public Charter Schools,Unknown,FY2014,OSSE,http://osse.dc.gov/enrollment
Cedar Tree Academy PCS,Cedar Tree Academy PCS,322,115,139,68,0,0,0,0,0,0,0,0,0,0,0,0,0,0,0,9,0,0,0,Public Charter Schools,PreK,FY2014,OSSE,http://osse.dc.gov/enrollment
Center City PCS - Brightwood ,Center City PCS - Brightwood ,251,0,21,24,29,28,27,28,28,24,22,20,0,0,0,0,0,0,77,14,5,3,0,Public Charter Schools,Elementary,FY2014,OSSE,http://osse.dc.gov/enrollment
Center City PCS - Capitol Hill ,Center City PCS - Capitol Hill ,237,0,20,26,23,28,25,26,19,27,21,22,0,0,0,0,0,0,0,7,10,4,3,Public Charter Schools,Elementary,FY2014,OSSE,http://osse.dc.gov/enrollment
Center City PCS - Congress Heights ,Center City PCS - Congress Heights ,227,0,22,25,26,20,25,24,23,20,25,17,0,0,0,0,0,0,1,5,11,3,1,Public Charter Schools,Elementary,FY2014,OSSE,http://osse.dc.gov/enrollment
Center City PCS - Petworth ,Center City PCS - Petworth ,237,0,23,23,26,23,27,25,27,21,25,17,0,0,0,0,0,0,62,14,12,1,0,Public Charter Schools,Elementary,FY2014,OSSE,http://osse.dc.gov/enrollment
Center City PCS - Shaw  ,Center City PCS - Shaw  ,239,0,18,24,22,24,27,28,22,27,25,22,0,0,0,0,0,0,39,10,15,3,0,Public Charter Schools,Elementary,FY2014,OSSE,http://osse.dc.gov/enrollment
Center City PCS - Trinidad ,Center City PCS - Trinidad ,226,0,19,18,23,27,26,25,25,24,22,17,0,0,0,0,0,0,4,13,9,2,0,Public Charter Schools,Elementary,FY2014,OSSE,http://osse.dc.gov/enrollment
Cesar Chavez PCS for Public Policy - Capitol Hill ,Cesar Chavez PCS for Public Policy - Capitol Hill ,389,0,0,0,0,0,0,0,0,0,0,0,122,118,58,91,0,0,17,10,32,10,10,Public Charter Schools,Senior High School,FY2014,OSSE,http://osse.dc.gov/enrollment
Cesar Chavez PCS for Public Policy - Chavez Prep,Cesar Chavez PCS for Public Policy - Chavez Prep,322,0,0,0,0,0,0,0,0,90,96,81,55,0,0,0,0,0,95,26,12,0,1,Public Charter Schools,Middle School,FY2014,OSSE,http://osse.dc.gov/enrollment
Cesar Chavez PCS for Public Policy - Parkside MS ,Cesar Chavez PCS for Public Policy - Parkside MS ,305,0,0,0,0,0,0,0,0,100,113,92,0,0,0,0,0,0,4,18,20,5,1,Public Charter Schools,Middle School,FY2014,OSSE,http://osse.dc.gov/enrollment
Cesar Chavez PCS for Public Policy - Parkside HS,Cesar Chavez PCS for Public Policy - Parkside HS,373,0,0,0,0,0,0,0,0,0,0,0,113,108,71,81,0,0,15,7,27,8,2,Public Charter Schools,Senior High School,FY2014,OSSE,http://osse.dc.gov/enrollment
Community Academy PCS - Amos I,Community Academy PCS - Amos I,596,82,86,86,90,82,75,45,50,0,0,0,0,0,0,0,0,0,233,12,21,11,8,Public Charter Schools,Elementary,FY2014,OSSE,http://osse.dc.gov/enrollment
Community Academy PCS - Amos II,Community Academy PCS - Amos II,288,94,98,96,0,0,0,0,0,0,0,0,0,0,0,0,0,0,89,11,1,1,1,Public Charter Schools,PreK,FY2014,OSSE,http://osse.dc.gov/enrollment
Community Academy PCS - Amos III Armstrong,Community Academy PCS - Amos III Armstrong,309,44,56,51,42,39,41,21,15,0,0,0,0,0,0,0,0,0,2,12,6,1,3,Public Charter Schools,Elementary,FY2014,OSSE,http://osse.dc.gov/enrollment
Community Academy PCS - Butler Global,Community Academy PCS - Butler Global,264,42,49,43,40,35,22,14,19,0,0,0,0,0,0,0,0,0,60,17,7,2,2,Public Charter Schools,Elementary,FY2014,OSSE,http://osse.dc.gov/enrollment
Community Academy PCS - CAPCS Online,Community Academy PCS - CAPCS Online,147,0,0,17,13,13,22,19,13,16,18,16,0,0,0,0,0,0,0,14,0,0,2,Public Charter Schools,Elementary,FY2014,OSSE,http://osse.dc.gov/enrollment
Community College Preparatory Academy PCS,Community College Preparatory Academy PCS,167,0,0,0,0,0,0,0,0,0,0,0,0,0,0,0,167,0,0,0,0,0,0,Public Charter Schools,Unknown,FY2014,OSSE,http://osse.dc.gov/enrollment
Creative Minds International PCS,Creative Minds International PCS,137,32,34,32,16,11,12,0,0,0,0,0,0,0,0,0,0,0,5,19,1,4,8,Public Charter Schools,PreK,FY2014,OSSE,http://osse.dc.gov/enrollment
DC  Bilingual PCS,DC  Bilingual PCS,385,40,46,46,45,39,49,64,32,24,0,0,0,0,0,0,0,0,210,32,15,3,12,Public Charter Schools,Elementary,FY2014,OSSE,http://osse.dc.gov/enrollment
DC  Preparatory PCS - Benning Elementary,DC  Preparatory PCS - Benning Elementary,429,75,73,74,69,73,65,0,0,0,0,0,0,0,0,0,0,0,7,6,12,0,1,Public Charter Schools,PreK,FY2014,OSSE,http://osse.dc.gov/enrollment
DC Preparatory PCS - Benning Middle ,DC Preparatory PCS - Benning Middle ,77,0,0,0,0,0,0,77,0,0,0,0,0,0,0,0,0,0,2,2,4,2,0,Public Charter Schools,Unknown,FY2014,OSSE,http://osse.dc.gov/enrollment
DC  Preparatory PCS - Edgewood Elementary ,DC  Preparatory PCS - Edgewood Elementary ,426,75,70,75,70,70,66,0,0,0,0,0,0,0,0,0,0,0,14,19,9,2,0,Public Charter Schools,PreK,FY2014,OSSE,http://osse.dc.gov/enrollment
DC  Preparatory PCS - Edgewood Middle,DC  Preparatory PCS - Edgewood Middle,288,0,0,0,0,0,0,75,76,61,40,36,0,0,0,0,0,0,0,13,9,17,5,Public Charter Schools,Middle School,FY2014,OSSE,http://osse.dc.gov/enrollment
DC Scholars PCS,DC Scholars PCS,299,63,64,36,44,35,34,23,0,0,0,0,0,0,0,0,0,0,0,15,6,3,3,Public Charter Schools,PreK,FY2014,OSSE,http://osse.dc.gov/enrollment
E.L. Haynes PCS - Georgia Avenue,E.L. Haynes PCS - Georgia Avenue,353,0,0,0,0,0,0,0,50,101,102,100,0,0,0,0,0,0,67,5,12,29,28,Public Charter Schools,Middle School,FY2014,OSSE,http://osse.dc.gov/enrollment
E.L. Haynes PCS - Kansas Avenue (Elementary School),E.L. Haynes PCS - Kansas Avenue (Elementary School),383,41,44,48,49,51,75,75,0,0,0,0,0,0,0,0,0,0,102,28,7,3,8,Public Charter Schools,PreK,FY2014,OSSE,http://osse.dc.gov/enrollment
E.L. Haynes PCS - Kansas Avenue (High School),E.L. Haynes PCS - Kansas Avenue (High School),334,0,0,0,0,0,0,0,0,0,0,0,167,95,72,0,0,0,48,17,36,10,10,Public Charter Schools,Unknown,FY2014,OSSE,http://osse.dc.gov/enrollment
Eagle Academy PCS - New Jersey Avenue ,Eagle Academy PCS - New Jersey Avenue ,143,35,41,36,20,11,0,0,0,0,0,0,0,0,0,0,0,0,0,4,1,0,0,Public Charter Schools,PreK,FY2014,OSSE,http://osse.dc.gov/enrollment
Eagle Academy PCS - The Eagle Center at McGogney,Eagle Academy PCS - The Eagle Center at McGogney,749,126,181,148,136,100,58,0,0,0,0,0,0,0,0,0,0,0,3,42,24,4,16,Public Charter Schools,PreK,FY2014,OSSE,http://osse.dc.gov/enrollment
Early Childhood Academy PCS,Early Childhood Academy PCS,263,39,61,47,43,43,30,0,0,0,0,0,0,0,0,0,0,0,0,19,7,0,0,Public Charter Schools,PreK,FY2014,OSSE,http://osse.dc.gov/enrollment
Elsie Whitlow Stokes Community Freedom PCS,Elsie Whitlow Stokes Community Freedom PCS,348,24,22,46,50,50,44,47,28,37,0,0,0,0,0,0,0,0,73,26,7,1,3,Public Charter Schools,Elementary,FY2014,OSSE,http://osse.dc.gov/enrollment
Excel Academy PCS,Excel Academy PCS,617,89,110,90,91,77,70,46,44,0,0,0,0,0,0,0,0,0,0,18,19,6,1,Public Charter Schools,Elementary,FY2014,OSSE,http://osse.dc.gov/enrollment
Friendship PCS - Blow-Pierce,Friendship PCS - Blow-Pierce,652,64,72,77,75,50,48,25,25,61,79,76,0,0,0,0,0,0,4,28,26,10,10,Public Charter Schools,Elementary,FY2014,OSSE,http://osse.dc.gov/enrollment
Friendship PCS - Chamberlain,Friendship PCS - Chamberlain,722,35,53,61,75,75,72,70,68,72,75,66,0,0,0,0,0,0,0,25,34,8,6,Public Charter Schools,Elementary,FY2014,OSSE,http://osse.dc.gov/enrollment
Friendship PCS - SouthEast Elementary Academy,Friendship PCS - SouthEast Elementary Academy,559,55,62,73,71,77,74,72,75,0,0,0,0,0,0,0,0,0,0,18,26,8,8,Public Charter Schools,Elementary,FY2014,OSSE,http://osse.dc.gov/enrollment
Friendship PCS - Technology Preparatory Academy,Friendship PCS - Technology Preparatory Academy,406,0,0,0,0,0,0,0,0,90,87,80,59,60,30,0,0,0,1,17,52,6,0,Public Charter Schools,Middle School,FY2014,OSSE,http://osse.dc.gov/enrollment
Friendship PCS - Woodridge ,Friendship PCS - Woodridge ,506,49,54,48,52,46,41,37,42,39,45,53,0,0,0,0,0,0,10,17,24,10,15,Public Charter Schools,Elementary,FY2014,OSSE,http://osse.dc.gov/enrollment
Friendship PCS - Woodson Collegiate Academy,Friendship PCS - Woodson Collegiate Academy,914,0,0,0,0,0,0,0,0,0,0,0,240,213,209,252,0,0,0,33,64,40,15,Public Charter Schools,Senior High School,FY2014,OSSE,http://osse.dc.gov/enrollment
Hope Community PCS - Lamond,Hope Community PCS - Lamond,380,69,75,58,60,40,37,24,11,6,0,0,0,0,0,0,0,0,28,8,12,4,0,Public Charter Schools,Elementary,FY2014,OSSE,http://osse.dc.gov/enrollment
Hope Community PCS - Tolson ,Hope Community PCS - Tolson ,451,67,71,56,44,49,39,31,30,25,24,15,0,0,0,0,0,0,22,20,6,0,15,Public Charter Schools,Elementary,FY2014,OSSE,http://osse.dc.gov/enrollment
Hospitality High PCS,Hospitality High PCS,182,0,0,0,0,0,0,0,0,0,0,0,57,43,45,37,0,0,12,12,35,9,2,Public Charter Schools,Senior High School,FY2014,OSSE,http://osse.dc.gov/enrollment
Howard University Middle School of Math and Science PCS,Howard University Middle School of Math and Science PCS,318,0,0,0,0,0,0,0,0,105,115,98,0,0,0,0,0,0,13,12,4,2,0,Public Charter Schools,Middle School,FY2014,OSSE,http://osse.dc.gov/enrollment
IDEA (Intergrated Design Electronics Academcy) PCS,IDEA (Intergrated Design Electronics Academcy) PCS,199,0,0,0,0,0,0,0,0,0,0,0,57,50,47,45,0,0,0,5,15,13,8,Public Charter Schools,Senior High School,FY2014,OSSE,http://osse.dc.gov/enrollment
Ideal Academy PCS - North Capitol Street Campus ES,Ideal Academy PCS - North Capitol Street Campus ES,280,24,41,29,41,22,27,23,16,18,25,14,0,0,0,0,0,0,4,20,8,2,0,Public Charter Schools,Elementary,FY2014,OSSE,http://osse.dc.gov/enrollment
Imagine Southeast PCS,Imagine Southeast PCS,468,53,53,48,86,80,57,33,26,32,0,0,0,0,0,0,0,0,0,26,9,0,7,Public Charter Schools,Elementary,FY2014,OSSE,http://osse.dc.gov/enrollment
Ingenuity Prep PCS,Ingenuity Prep PCS,108,24,25,59,0,0,0,0,0,0,0,0,0,0,0,0,0,0,0,4,1,0,0,Public Charter Schools,PreK,FY2014,OSSE,http://osse.dc.gov/enrollment
Inspired Teaching Demonstration PCS,Inspired Teaching Demonstration PCS,268,45,44,45,48,25,24,21,16,0,0,0,0,0,0,0,0,0,9,15,7,2,3,Public Charter Schools,Elementary,FY2014,OSSE,http://osse.dc.gov/enrollment
KIPP DC - AIM Academy PCS,KIPP DC - AIM Academy PCS,338,0,0,0,0,0,0,0,88,88,84,78,0,0,0,0,0,0,0,5,47,13,4,Public Charter Schools,Middle School,FY2014,OSSE,http://osse.dc.gov/enrollment
KIPP DC - College Prepartory PCS,KIPP DC - College Prepartory PCS,424,0,0,0,0,0,0,0,0,0,0,0,153,114,96,61,0,0,0,3,15,34,24,Public Charter Schools,Senior High School,FY2014,OSSE,http://osse.dc.gov/enrollment
KIPP DC - Connect Academy,KIPP DC - Connect Academy,203,102,101,0,0,0,0,0,0,0,0,0,0,0,0,0,0,0,1,9,1,0,0,Public Charter Schools,PreK,FY2014,OSSE,http://osse.dc.gov/enrollment
KIPP DC - Discover Academy PCS,KIPP DC - Discover Academy PCS,306,100,103,103,0,0,0,0,0,0,0,0,0,0,0,0,0,0,0,19,4,0,0,Public Charter Schools,PreK,FY2014,OSSE,http://osse.dc.gov/enrollment
KIPP DC - Grow Academy PCS,KIPP DC - Grow Academy PCS,304,101,101,102,0,0,0,0,0,0,0,0,0,0,0,0,0,0,9,15,4,0,0,Public Charter Schools,PreK,FY2014,OSSE,http://osse.dc.gov/enrollment
KIPP DC - Heights Academy PCS,KIPP DC - Heights Academy PCS,314,0,0,0,119,105,90,0,0,0,0,0,0,0,0,0,0,0,0,14,9,9,6,Public Charter Schools,Unknown,FY2014,OSSE,http://osse.dc.gov/enrollment
KIPP DC - KEY Academy PCS,KIPP DC - KEY Academy PCS,334,0,0,0,0,0,0,0,96,86,81,71,0,0,0,0,0,0,0,1,19,17,0,Public Charter Schools,Middle School,FY2014,OSSE,http://osse.dc.gov/enrollment
KIPP DC - Lead Academy,KIPP DC - Lead Academy,215,0,0,0,111,104,0,0,0,0,0,0,0,0,0,0,0,0,1,8,9,0,0,Public Charter Schools,Unknown,FY2014,OSSE,http://osse.dc.gov/enrollment
KIPP DC - LEAP Academy PCS,KIPP DC - LEAP Academy PCS,303,103,100,100,0,0,0,0,0,0,0,0,0,0,0,0,0,0,2,18,5,0,0,Public Charter Schools,PreK,FY2014,OSSE,http://osse.dc.gov/enrollment
KIPP DC - Promise Academy PCS,KIPP DC - Promise Academy PCS,409,0,0,0,100,108,98,103,0,0,0,0,0,0,0,0,0,0,1,16,14,19,5,Public Charter Schools,Unknown,FY2014,OSSE,http://osse.dc.gov/enrollment
KIPP DC - Spring Academy,KIPP DC - Spring Academy,101,0,0,101,0,0,0,0,0,0,0,0,0,0,0,0,0,0,0,6,1,0,0,Public Charter Schools,Unknown,FY2014,OSSE,http://osse.dc.gov/enrollment
KIPP DC - WILL Academy PCS,KIPP DC - WILL Academy PCS,388,0,0,0,0,0,0,81,77,81,77,72,0,0,0,0,0,0,4,11,38,22,4,Public Charter Schools,Middle School,FY2014,OSSE,http://osse.dc.gov/enrollment
Latin American Montessori Bilingual (LAMB) PCS,Latin American Montessori Bilingual (LAMB) PCS,320,69,59,60,46,29,33,18,6,0,0,0,0,0,0,0,0,0,112,15,9,5,3,Public Charter Schools,Elementary,FY2014,OSSE,http://osse.dc.gov/enrollment
Latin American Youth Center Career Academy PCS,Latin American Youth Center Career Academy PCS,92,0,0,0,0,0,0,0,0,0,0,0,0,0,0,0,92,0,9,0,0,0,1,Public Charter Schools,Unknown,FY2014,OSSE,http://osse.dc.gov/enrollment
Mary McLeod Bethune Day Academy PCS Slowe Campus,Mary McLeod Bethune Day Academy PCS Slowe Campus,373,46,39,44,40,24,40,34,40,24,31,11,0,0,0,0,0,0,21,5,29,6,2,Public Charter Schools,Elementary,FY2014,OSSE,http://osse.dc.gov/enrollment
Maya Angelou PCS - Evans Middle School ,Maya Angelou PCS - Evans Middle School ,153,0,0,0,0,0,0,0,0,0,74,79,0,0,0,0,0,0,0,2,5,25,7,Public Charter Schools,Unknown,FY2014,OSSE,http://osse.dc.gov/enrollment
Maya Angelou PCS - Young Adult Learning Center,Maya Angelou PCS - Young Adult Learning Center,149,0,0,0,0,0,0,0,0,0,0,0,0,0,0,0,149,0,0,2,20,3,0,Public Charter Schools,Unknown,FY2014,OSSE,http://osse.dc.gov/enrollment
Meridian PCS,Meridian PCS,588,44,67,76,73,63,67,48,42,40,39,29,0,0,0,0,0,0,159,78,4,1,2,Public Charter Schools,Elementary,FY2014,OSSE,http://osse.dc.gov/enrollment
Mundo Verde Bilingual PCS ,Mundo Verde Bilingual PCS ,274,20,43,67,75,69,0,0,0,0,0,0,0,0,0,0,0,0,76,16,2,0,0,Public Charter Schools,PreK,FY2014,OSSE,http://osse.dc.gov/enrollment
National Collegiate Prep PCS HS,National Collegiate Prep PCS HS,330,0,0,0,0,0,0,0,0,0,0,0,100,91,67,72,0,0,0,14,33,3,3,Public Charter Schools,Senior High School,FY2014,OSSE,http://osse.dc.gov/enrollment
Options PCS,Options PCS,376,0,0,0,0,0,0,0,0,21,45,40,60,87,61,62,0,0,0,6,26,26,183,Public Charter Schools,Middle School,FY2014,OSSE,http://osse.dc.gov/enrollment
Paul PCS - International High School,Paul PCS - International High School,253,0,0,0,0,0,0,0,0,0,0,0,151,102,0,0,0,0,31,9,14,7,0,Public Charter Schools,Unknown,FY2014,OSSE,http://osse.dc.gov/enrollment
Paul PCS - Middle School,Paul PCS - Middle School,416,0,0,0,0,0,0,0,0,90,150,176,0,0,0,0,0,0,18,9,34,10,1,Public Charter Schools,Middle School,FY2014,OSSE,http://osse.dc.gov/enrollment
Perry Street Prep PCS,Perry Street Prep PCS,815,20,36,34,35,35,38,34,26,52,63,75,86,96,95,90,0,0,20,34,70,9,8,Public Charter Schools,Elementary,FY2014,OSSE,http://osse.dc.gov/enrollment
Potomac Lighthouse PCS,Potomac Lighthouse PCS,423,47,55,46,51,41,46,29,30,34,26,18,0,0,0,0,0,0,1,11,7,2,6,Public Charter Schools,Elementary,FY2014,OSSE,http://osse.dc.gov/enrollment
Richard Wright PCS for Journalism and Media Arts,Richard Wright PCS for Journalism and Media Arts,322,0,0,0,0,0,0,0,0,0,0,51,99,101,71,0,0,0,1,13,43,7,2,Public Charter Schools,Unknown,FY2014,OSSE,http://osse.dc.gov/enrollment
Roots PCS,Roots PCS,118,16,18,18,16,11,11,12,6,6,1,3,0,0,0,0,0,0,2,1,2,1,0,Public Charter Schools,Elementary,FY2014,OSSE,http://osse.dc.gov/enrollment
SEED (School for Educational Evolution and Development) PCS,SEED (School for Educational Evolution and Development) PCS,342,0,0,0,0,0,0,0,0,100,84,57,26,36,17,22,0,0,0,14,34,2,0,Public Charter Schools,Middle School,FY2014,OSSE,http://osse.dc.gov/enrollment
Sela PCS,Sela PCS,73,0,39,21,13,0,0,0,0,0,0,0,0,0,0,0,0,0,4,1,0,0,2,Public Charter Schools,Unknown,FY2014,OSSE,http://osse.dc.gov/enrollment
Shining Stars Montessori Academy PCS,Shining Stars Montessori Academy PCS,87,57,16,6,4,4,0,0,0,0,0,0,0,0,0,0,0,0,9,0,0,0,1,Public Charter Schools,PreK,FY2014,OSSE,http://osse.dc.gov/enrollment
Somerset Prep Academy PCS,Somerset Prep Academy PCS,160,0,0,0,0,0,0,0,0,37,73,50,0,0,0,0,0,0,0,10,15,4,0,Public Charter Schools,Middle School,FY2014,OSSE,http://osse.dc.gov/enrollment
The Next Step/El Proximo Paso PCS,The Next Step/El Proximo Paso PCS,170,0,0,0,0,0,0,0,0,0,0,0,0,0,0,0,170,0,64,0,4,1,0,Public Charter Schools,Unknown,FY2014,OSSE,http://osse.dc.gov/enrollment
Thurgood Marshall Academy PCS,Thurgood Marshall Academy PCS,399,0,0,0,0,0,0,0,0,0,0,0,130,101,86,82,0,0,0,12,17,15,2,Public Charter Schools,Senior High School,FY2014,OSSE,http://osse.dc.gov/enrollment
Tree of Life Community PCS,Tree of Life Community PCS,311,37,42,43,39,25,21,28,18,19,22,17,0,0,0,0,0,0,3,14,9,5,1,Public Charter Schools,Elementary,FY2014,OSSE,http://osse.dc.gov/enrollment
Two Rivers PCS,Two Rivers PCS,516,36,47,47,48,50,50,50,49,48,47,44,0,0,0,0,0,0,26,53,31,19,6,Public Charter Schools,Elementary,FY2014,OSSE,http://osse.dc.gov/enrollment
Washington Latin PCS - Middle School,Washington Latin PCS - Middle School,366,0,0,0,0,0,0,0,91,93,92,90,0,0,0,0,0,0,6,21,3,1,0,Public Charter Schools,Middle School,FY2014,OSSE,http://osse.dc.gov/enrollment
Washington Latin PCS - Upper School,Washington Latin PCS - Upper School,274,0,0,0,0,0,0,0,0,0,0,0,90,72,63,49,0,0,8,25,4,0,2,Public Charter Schools,Senior High School,FY2014,OSSE,http://osse.dc.gov/enrollment
Washington Math Science Tech PCS HS,Washington Math Science Tech PCS HS,333,0,0,0,0,0,0,0,0,0,0,0,74,88,82,89,0,0,1,21,18,6,4,Public Charter Schools,Senior High School,FY2014,OSSE,http://osse.dc.gov/enrollment
Washington Yu Ying PCS,Washington Yu Ying PCS,511,0,80,80,114,68,58,52,37,22,0,0,0,0,0,0,0,0,28,20,2,14,0,Public Charter Schools,Elementary,FY2014,OSSE,http://osse.dc.gov/enrollment
"William E. Doar, Jr PCS for the Performing Arts","William E. Doar, Jr PCS for the Performing Arts",435,49,51,55,48,45,41,42,33,23,26,22,0,0,0,0,0,0,21,11,12,4,0,Public Charter Schools,Elementary,FY2014,OSSE,http://osse.dc.gov/enrollment
947,CHOICE ACADEMY,23,,,,,,,,,,,,,,,,,23,,,2,1,1,DCPS Alternative Schools,Alternative Education,FY2012,OSSE,http://osse.dc.gov/publication/sy-2011-2012-enrollment-audit-grade-reclassification
480,"INCARCERATED YOUTH PROGRAM, CORRECTIONAL DETENTION",60,,,,,,,,,,,,,,,,,60,,3,11,4,12,DCPS Alternative Schools,Alternative Education,FY2012,OSSE,http://osse.dc.gov/publication/sy-2011-2012-enrollment-audit-grade-reclassification
861,YOUTH SERVICES CENTER,67,,,,,,,,,,,,,,,,,67,3,,1,3,17,DCPS Alternative Schools,Alternative Education,FY2012,OSSE,http://osse.dc.gov/publication/sy-2011-2012-enrollment-audit-grade-reclassification
265,MAMIE D LEE,90,,,,,,,,,,,,,,,,,90,7,1,,,88,DCPS Special Education Schools,Special Education,FY2012,OSSE,http://osse.dc.gov/publication/sy-2011-2012-enrollment-audit-grade-reclassification
265a,MAMIE D LEE - PROJECT SEARCH,19,,,,,,,,,,,,,,,,,19,,,,,19,DCPS Special Education Schools,Special Education,FY2012,OSSE,http://osse.dc.gov/publication/sy-2011-2012-enrollment-audit-grade-reclassification
486,PROSPECT,100,,,,,,,,,,,,,,,,,100,4,,,3,96,DCPS Special Education Schools,Special Education,FY2012,OSSE,http://osse.dc.gov/publication/sy-2011-2012-enrollment-audit-grade-reclassification
312,SHARPE HEALTH,89,,,,,,,,,,,,,,,,,89,8,1,,,88,DCPS Special Education Schools,Special Education,FY2012,OSSE,http://osse.dc.gov/publication/sy-2011-2012-enrollment-audit-grade-reclassification
213,BRIGHTWOOD,549,31,51,54,51,55,58,47,59,42,47,54,,,,,,,237,23,28,1,,DCPS Schools,Education Campus,FY2012,OSSE,http://osse.dc.gov/publication/sy-2011-2012-enrollment-audit-grade-reclassification
346,BROOKLAND AT BUNKER HILL,304,16,19,27,30,28,33,31,38,27,25,30,,,,,,,22,21,35,2,,DCPS Schools,Education Campus,FY2012,OSSE,http://osse.dc.gov/publication/sy-2011-2012-enrollment-audit-grade-reclassification
404,BROWNE HUGH M,384,19,33,35,30,29,31,24,32,36,48,67,,,,,,,17,36,23,6,1,DCPS Schools,Education Campus,FY2012,OSSE,http://osse.dc.gov/publication/sy-2011-2012-enrollment-audit-grade-reclassification
220,BURROUGHS,296,25,28,31,32,24,21,32,27,34,20,22,,,,,,,4,31,15,3,21,DCPS Schools,Education Campus,FY2012,OSSE,http://osse.dc.gov/publication/sy-2011-2012-enrollment-audit-grade-reclassification
442,COLUMBIA HEIGHTS,1203,,,,,,,,,90,84,124,310,214,208,173,,,429,89,9,6,2,DCPS Schools,Education Campus,FY2012,OSSE,http://osse.dc.gov/publication/sy-2011-2012-enrollment-audit-grade-reclassification
409,FRANCIS STEVENS,233,27,19,15,16,11,13,19,19,22,32,40,,,,,,,27,10,8,,,DCPS Schools,Education Campus,FY2012,OSSE,http://osse.dc.gov/publication/sy-2011-2012-enrollment-audit-grade-reclassification
262,LANGDON,404,32,41,40,43,31,44,42,41,34,33,23,,,,,,,7,7,21,5,3,DCPS Schools,Education Campus,FY2012,OSSE,http://osse.dc.gov/publication/sy-2011-2012-enrollment-audit-grade-reclassification
370,LANGLEY,375,27,37,33,24,23,42,33,39,28,48,41,,,,,,,13,14,24,1,37,DCPS Schools,Education Campus,FY2012,OSSE,http://osse.dc.gov/publication/sy-2011-2012-enrollment-audit-grade-reclassification
264,LASALLE BACKUS,290,23,30,33,27,28,20,23,36,25,22,23,,,,,,,39,20,19,3,16,DCPS Schools,Education Campus,FY2012,OSSE,http://osse.dc.gov/publication/sy-2011-2012-enrollment-audit-grade-reclassification
290,NOYES,352,15,28,30,35,30,35,36,30,37,30,46,,,,,,,13,18,19,1,11,DCPS Schools,Education Campus,FY2012,OSSE,http://osse.dc.gov/publication/sy-2011-2012-enrollment-audit-grade-reclassification
292,OYSTER ADAMS LOWER,355,4,40,72,78,75,86,,,,,,,,,,,,81,21,5,2,11,DCPS Schools,Education Campus,FY2012,OSSE,http://osse.dc.gov/publication/sy-2011-2012-enrollment-audit-grade-reclassification
292a,OYSTER ADAMS UPPER,321,,,,,,,72,68,74,50,57,,,,,,,29,25,1,1,,DCPS Schools,Education Campus,FY2012,OSSE,http://osse.dc.gov/publication/sy-2011-2012-enrollment-audit-grade-reclassification
302,RAYMOND,442,45,51,65,50,41,37,28,38,33,26,28,,,,,,,163,39,11,1,,DCPS Schools,Education Campus,FY2012,OSSE,http://osse.dc.gov/publication/sy-2011-2012-enrollment-audit-grade-reclassification
324,TAKOMA,306,32,38,25,24,21,25,30,35,28,26,22,,,,,,,70,10,21,6,11,DCPS Schools,Education Campus,FY2012,OSSE,http://osse.dc.gov/publication/sy-2011-2012-enrollment-audit-grade-reclassification
327,TRUESDELL,423,31,39,51,42,34,36,34,39,52,40,25,,,,,,,138,21,33,5,4,DCPS Schools,Education Campus,FY2012,OSSE,http://osse.dc.gov/publication/sy-2011-2012-enrollment-audit-grade-reclassification
332,WALKER JONES,418,38,38,45,51,38,40,39,34,41,23,31,,,,,,,10,19,28,6,21,DCPS Schools,Education Campus,FY2012,OSSE,http://osse.dc.gov/publication/sy-2011-2012-enrollment-audit-grade-reclassification
336,WEST,244,29,32,22,19,23,15,24,23,20,21,16,,,,,,,23,13,7,2,2,DCPS Schools,Education Campus,FY2012,OSSE,http://osse.dc.gov/publication/sy-2011-2012-enrollment-audit-grade-reclassification
335,WHEATLEY,475,31,35,47,52,49,48,44,48,40,49,32,,,,,,,7,35,35,14,3,DCPS Schools,Education Campus,FY2012,OSSE,http://osse.dc.gov/publication/sy-2011-2012-enrollment-audit-grade-reclassification
338,WHITTIER,346,21,28,28,31,29,37,38,35,40,27,32,,,,,,,50,16,19,1,3,DCPS Schools,Education Campus,FY2012,OSSE,http://osse.dc.gov/publication/sy-2011-2012-enrollment-audit-grade-reclassification
355,WINSTON,302,14,19,23,26,25,17,22,30,37,45,44,,,,,,,9,15,27,5,5,DCPS Schools,Education Campus,FY2012,OSSE,http://osse.dc.gov/publication/sy-2011-2012-enrollment-audit-grade-reclassification
202,AITON,269,32,36,44,31,24,28,33,41,,,,,,,,,,,15,20,1,1,DCPS Schools,Elementary,FY2012,OSSE,http://osse.dc.gov/publication/sy-2011-2012-enrollment-audit-grade-reclassification
203,AMIDON BOWEN,254,8,20,45,39,37,25,37,43,,,,,,,,,,1,12,15,3,1,DCPS Schools,Elementary,FY2012,OSSE,http://osse.dc.gov/publication/sy-2011-2012-enrollment-audit-grade-reclassification
204,BANCROFT,463,43,57,72,54,62,56,66,53,,,,,,,,,,272,29,19,,2,DCPS Schools,Elementary,FY2012,OSSE,http://osse.dc.gov/publication/sy-2011-2012-enrollment-audit-grade-reclassification
205,BARNARD,482,61,79,96,71,50,59,66,,,,,,,,,,,146,29,18,4,20,DCPS Schools,Elementary,FY2012,OSSE,http://osse.dc.gov/publication/sy-2011-2012-enrollment-audit-grade-reclassification
206,BEERS,386,40,52,55,46,65,45,40,43,,,,,,,,,,2,19,24,16,21,DCPS Schools,Elementary,FY2012,OSSE,http://osse.dc.gov/publication/sy-2011-2012-enrollment-audit-grade-reclassification
212,BRENT,347,41,46,54,48,44,49,44,21,,,,,,,,,,6,33,5,1,2,DCPS Schools,Elementary,FY2012,OSSE,http://osse.dc.gov/publication/sy-2011-2012-enrollment-audit-grade-reclassification
296,BRUCE-MONROE AT PARK VIEW,459,50,55,69,66,41,62,57,59,,,,,,,,,,280,26,18,4,16,DCPS Schools,Elementary,FY2012,OSSE,http://osse.dc.gov/publication/sy-2011-2012-enrollment-audit-grade-reclassification
221,BURRVILLE,368,45,55,50,46,34,48,44,46,,,,,,,,,,3,24,15,,,DCPS Schools,Elementary,FY2012,OSSE,http://osse.dc.gov/publication/sy-2011-2012-enrollment-audit-grade-reclassification
247,HARRIS CW,224,27,25,31,37,28,23,24,29,,,,,,,,,,,13,7,2,1,DCPS Schools,Elementary,FY2012,OSSE,http://osse.dc.gov/publication/sy-2011-2012-enrollment-audit-grade-reclassification
360,MONTESSORI@LOGAN,211,51,43,22,26,23,18,19,9,,,,,,,,,,,3,1,,,DCPS Schools,Elementary,FY2012,OSSE,http://osse.dc.gov/publication/sy-2011-2012-enrollment-audit-grade-reclassification
224,CLEVELAND,301,37,43,43,45,32,33,32,36,,,,,,,,,,71,20,3,,5,DCPS Schools,Elementary,FY2012,OSSE,http://osse.dc.gov/publication/sy-2011-2012-enrollment-audit-grade-reclassification
227,COOKE HD,396,30,59,65,63,49,38,48,44,,,,,,,,,,165,14,20,1,1,DCPS Schools,Elementary,FY2012,OSSE,http://osse.dc.gov/publication/sy-2011-2012-enrollment-audit-grade-reclassification
229,DAVIS,184,16,23,23,27,23,25,24,23,,,,,,,,,,5,8,7,3,13,DCPS Schools,Elementary,FY2012,OSSE,http://osse.dc.gov/publication/sy-2011-2012-enrollment-audit-grade-reclassification
231,DREW,181,24,30,22,18,18,19,28,22,,,,,,,,,,2,6,6,2,13,DCPS Schools,Elementary,FY2012,OSSE,http://osse.dc.gov/publication/sy-2011-2012-enrollment-audit-grade-reclassification
232,EATON,457,,56,68,76,73,72,50,62,,,,,,,,,,56,24,4,1,2,DCPS Schools,Elementary,FY2012,OSSE,http://osse.dc.gov/publication/sy-2011-2012-enrollment-audit-grade-reclassification
343,FEREBEE HOPE,239,16,33,30,34,27,30,32,37,,,,,,,,,,,16,11,,2,DCPS Schools,Elementary,FY2012,OSSE,http://osse.dc.gov/publication/sy-2011-2012-enrollment-audit-grade-reclassification
238,GARFIELD,240,15,36,37,40,23,38,22,29,,,,,,,,,,,21,11,2,,DCPS Schools,Elementary,FY2012,OSSE,http://osse.dc.gov/publication/sy-2011-2012-enrollment-audit-grade-reclassification
239,GARRISON,237,34,33,37,42,23,19,28,21,,,,,,,,,,48,17,10,,22,DCPS Schools,Elementary,FY2012,OSSE,http://osse.dc.gov/publication/sy-2011-2012-enrollment-audit-grade-reclassification
258,HEARST,257,2,39,40,36,37,46,32,25,,,,,,,,,,13,12,2,,11,DCPS Schools,Elementary,FY2012,OSSE,http://osse.dc.gov/publication/sy-2011-2012-enrollment-audit-grade-reclassification
249,HENDLEY,341,16,20,51,49,50,55,53,47,,,,,,,,,,1,23,28,3,2,DCPS Schools,Elementary,FY2012,OSSE,http://osse.dc.gov/publication/sy-2011-2012-enrollment-audit-grade-reclassification
251,HOUSTON,223,17,24,34,29,38,23,32,26,,,,,,,,,,3,9,23,3,8,DCPS Schools,Elementary,FY2012,OSSE,http://osse.dc.gov/publication/sy-2011-2012-enrollment-audit-grade-reclassification
252,HYDE ADDISON,308,,21,66,67,46,44,42,22,,,,,,,,,,29,18,3,,6,DCPS Schools,Elementary,FY2012,OSSE,http://osse.dc.gov/publication/sy-2011-2012-enrollment-audit-grade-reclassification
254,JANNEY,548,,56,92,88,88,71,81,72,,,,,,,,,,25,23,1,1,5,DCPS Schools,Elementary,FY2012,OSSE,http://osse.dc.gov/publication/sy-2011-2012-enrollment-audit-grade-reclassification
256,KENILWORTH,178,16,20,23,18,23,20,28,30,,,,,,,,,,,10,7,,,DCPS Schools,Elementary,FY2012,OSSE,http://osse.dc.gov/publication/sy-2011-2012-enrollment-audit-grade-reclassification
257,KETCHAM,256,30,36,39,25,32,36,28,30,,,,,,,,,,,11,13,2,,DCPS Schools,Elementary,FY2012,OSSE,http://osse.dc.gov/publication/sy-2011-2012-enrollment-audit-grade-reclassification
272,KEY,386,,36,59,80,63,66,50,32,,,,,,,,,,28,18,5,,,DCPS Schools,Elementary,FY2012,OSSE,http://osse.dc.gov/publication/sy-2011-2012-enrollment-audit-grade-reclassification
259,KIMBALL,313,15,19,35,59,45,46,40,54,,,,,,,,,,,13,6,8,5,DCPS Schools,Elementary,FY2012,OSSE,http://osse.dc.gov/publication/sy-2011-2012-enrollment-audit-grade-reclassification
344,KING,345,27,44,45,48,39,50,56,36,,,,,,,,,,,14,10,3,2,DCPS Schools,Elementary,FY2012,OSSE,http://osse.dc.gov/publication/sy-2011-2012-enrollment-audit-grade-reclassification
261,LAFAYETTE,707,,79,114,111,101,100,99,103,,,,,,,,,,19,34,11,1,3,DCPS Schools,Elementary,FY2012,OSSE,http://osse.dc.gov/publication/sy-2011-2012-enrollment-audit-grade-reclassification
266,LECKIE,361,42,38,71,53,38,44,36,39,,,,,,,,,,3,20,11,4,,DCPS Schools,Elementary,FY2012,OSSE,http://osse.dc.gov/publication/sy-2011-2012-enrollment-audit-grade-reclassification
271,LUDLOW TAYLOR,258,46,54,36,22,20,25,28,27,,,,,,,,,,7,13,3,2,29,DCPS Schools,Elementary,FY2012,OSSE,http://osse.dc.gov/publication/sy-2011-2012-enrollment-audit-grade-reclassification
353,MC TERRELL,211,16,34,33,21,27,21,26,33,,,,,,,,,,,10,12,,4,DCPS Schools,Elementary,FY2012,OSSE,http://osse.dc.gov/publication/sy-2011-2012-enrollment-audit-grade-reclassification
308,MALCOLM X,261,27,45,36,34,31,30,33,25,,,,,,,,,,,11,17,2,6,DCPS Schools,Elementary,FY2012,OSSE,http://osse.dc.gov/publication/sy-2011-2012-enrollment-audit-grade-reclassification
273,MANN,290,,20,46,52,44,46,47,35,,,,,,,,,,26,9,3,,,DCPS Schools,Elementary,FY2012,OSSE,http://osse.dc.gov/publication/sy-2011-2012-enrollment-audit-grade-reclassification
284,REED,357,41,44,57,56,35,36,53,35,,,,,,,,,,188,32,8,,,DCPS Schools,Elementary,FY2012,OSSE,http://osse.dc.gov/publication/sy-2011-2012-enrollment-audit-grade-reclassification
351,MARSHALL,161,25,37,38,17,16,7,12,9,,,,,,,,,,3,7,3,,1,DCPS Schools,Elementary,FY2012,OSSE,http://osse.dc.gov/publication/sy-2011-2012-enrollment-audit-grade-reclassification
274,MAURY,292,36,52,44,58,42,21,21,18,,,,,,,,,,8,14,6,,1,DCPS Schools,Elementary,FY2012,OSSE,http://osse.dc.gov/publication/sy-2011-2012-enrollment-audit-grade-reclassification
280,MINER,469,50,62,66,79,61,52,54,45,,,,,,,,,,7,23,27,3,16,DCPS Schools,Elementary,FY2012,OSSE,http://osse.dc.gov/publication/sy-2011-2012-enrollment-audit-grade-reclassification
285,MOTEN AT WILKINSON,315,28,34,42,43,49,43,42,34,,,,,,,,,,2,18,14,1,1,DCPS Schools,Elementary,FY2012,OSSE,http://osse.dc.gov/publication/sy-2011-2012-enrollment-audit-grade-reclassification
287,MURCH,556,,60,86,97,87,82,70,74,,,,,,,,,,34,21,4,,9,DCPS Schools,Elementary,FY2012,OSSE,http://osse.dc.gov/publication/sy-2011-2012-enrollment-audit-grade-reclassification
288,NALLE,327,44,58,44,44,37,36,25,39,,,,,,,,,,7,6,7,,,DCPS Schools,Elementary,FY2012,OSSE,http://osse.dc.gov/publication/sy-2011-2012-enrollment-audit-grade-reclassification
291,ORR,308,45,39,47,38,36,40,35,28,,,,,,,,,,,27,12,1,1,DCPS Schools,Elementary,FY2012,OSSE,http://osse.dc.gov/publication/sy-2011-2012-enrollment-audit-grade-reclassification
294,PATTERSON,320,27,46,55,42,44,31,32,43,,,,,,,,,,1,16,25,3,15,DCPS Schools,Elementary,FY2012,OSSE,http://osse.dc.gov/publication/sy-2011-2012-enrollment-audit-grade-reclassification
295,PAYNE,236,30,40,36,34,24,23,21,28,,,,,,,,,,1,18,5,1,8,DCPS Schools,Elementary,FY2012,OSSE,http://osse.dc.gov/publication/sy-2011-2012-enrollment-audit-grade-reclassification
301,SWS @PEABODY,84,31,60,59,,,,,,,,,,,,,,,2,8,3,,,DCPS Schools,Elementary,FY2012,OSSE,http://osse.dc.gov/publication/sy-2011-2012-enrollment-audit-grade-reclassification
301a,CAPITOL HILL CLUSTER PEABODY,150,,40,44,,,,,,,,,,,,,,,1,3,,1,1,DCPS Schools,Elementary,FY2012,OSSE,http://osse.dc.gov/publication/sy-2011-2012-enrollment-audit-grade-reclassification
299,PLUMMER,220,16,38,30,35,25,26,27,23,,,,,,,,,,14,10,4,2,3,DCPS Schools,Elementary,FY2012,OSSE,http://osse.dc.gov/publication/sy-2011-2012-enrollment-audit-grade-reclassification
300,POWELL,310,35,54,63,57,33,36,32,,,,,,,,,,,186,31,3,1,1,DCPS Schools,Elementary,FY2012,OSSE,http://osse.dc.gov/publication/sy-2011-2012-enrollment-audit-grade-reclassification
316,RANDLE HIGHLANDS,384,28,51,39,61,55,50,50,50,,,,,,,,,,,34,20,1,1,DCPS Schools,Elementary,FY2012,OSSE,http://osse.dc.gov/publication/sy-2011-2012-enrollment-audit-grade-reclassification
304,RIVER TERRACE,137,14,18,15,20,16,15,18,21,,,,,,,,,,,11,7,,1,DCPS Schools,Elementary,FY2012,OSSE,http://osse.dc.gov/publication/sy-2011-2012-enrollment-audit-grade-reclassification
305,ROSS,157,15,19,24,21,19,23,15,21,,,,,,,,,,19,7,,,,DCPS Schools,Elementary,FY2012,OSSE,http://osse.dc.gov/publication/sy-2011-2012-enrollment-audit-grade-reclassification
307,SAVOY,344,16,45,46,35,49,57,47,49,,,,,,,,,,,13,22,4,2,DCPS Schools,Elementary,FY2012,OSSE,http://osse.dc.gov/publication/sy-2011-2012-enrollment-audit-grade-reclassification
309,SEATON,265,32,36,35,32,35,28,43,24,,,,,,,,,,99,14,7,3,15,DCPS Schools,Elementary,FY2012,OSSE,http://osse.dc.gov/publication/sy-2011-2012-enrollment-audit-grade-reclassification
313,SHEPHERD,331,,36,39,63,51,56,38,48,,,,,,,,,,27,7,17,2,,DCPS Schools,Elementary,FY2012,OSSE,http://osse.dc.gov/publication/sy-2011-2012-enrollment-audit-grade-reclassification
315,SIMON,252,24,28,30,44,22,35,32,37,,,,,,,,,,1,19,8,3,3,DCPS Schools,Elementary,FY2012,OSSE,http://osse.dc.gov/publication/sy-2011-2012-enrollment-audit-grade-reclassification
322,SMOTHERS,242,28,37,35,36,27,31,21,27,,,,,,,,,,,11,10,3,1,DCPS Schools,Elementary,FY2012,OSSE,http://osse.dc.gov/publication/sy-2011-2012-enrollment-audit-grade-reclassification
319,STANTON,355,30,38,54,47,55,39,50,42,,,,,,,,,,,37,6,2,4,DCPS Schools,Elementary,FY2012,OSSE,http://osse.dc.gov/publication/sy-2011-2012-enrollment-audit-grade-reclassification
321,STODDERT,347,,40,65,61,42,51,49,39,,,,,,,,,,85,17,1,1,1,DCPS Schools,Elementary,FY2012,OSSE,http://osse.dc.gov/publication/sy-2011-2012-enrollment-audit-grade-reclassification
325,THOMAS,235,22,33,34,38,20,28,30,30,,,,,,,,,,,13,7,5,22,DCPS Schools,Elementary,FY2012,OSSE,http://osse.dc.gov/publication/sy-2011-2012-enrollment-audit-grade-reclassification
326,THOMSON,327,31,36,42,36,44,51,49,38,,,,,,,,,,136,18,5,,,DCPS Schools,Elementary,FY2012,OSSE,http://osse.dc.gov/publication/sy-2011-2012-enrollment-audit-grade-reclassification
328,TUBMAN,489,32,51,95,85,64,55,53,54,,,,,,,,,,173,23,11,6,19,DCPS Schools,Elementary,FY2012,OSSE,http://osse.dc.gov/publication/sy-2011-2012-enrollment-audit-grade-reclassification
329,TURNER @ GREEN,305,30,39,42,30,41,44,44,35,,,,,,,,,,5,12,24,1,2,DCPS Schools,Elementary,FY2012,OSSE,http://osse.dc.gov/publication/sy-2011-2012-enrollment-audit-grade-reclassification
330,TYLER,402,57,86,71,47,36,40,28,37,,,,,,,,,,6,23,12,4,44,DCPS Schools,Elementary,FY2012,OSSE,http://osse.dc.gov/publication/sy-2011-2012-enrollment-audit-grade-reclassification
333,CAPITOL HILL CLUSTER WATKINS,521,,,,108,114,104,108,87,,,,,,,,,,4,26,11,2,1,DCPS Schools,Elementary,FY2012,OSSE,http://osse.dc.gov/publication/sy-2011-2012-enrollment-audit-grade-reclassification
339,WILSON,382,54,62,54,61,34,45,40,32,,,,,,,,,,11,12,7,1,26,DCPS Schools,Elementary,FY2012,OSSE,http://osse.dc.gov/publication/sy-2011-2012-enrollment-audit-grade-reclassification
405,DEAL,1014,,,,,,,,,391,324,299,,,,,,,45,40,52,6,6,DCPS Schools,Middle School,FY2012,OSSE,http://osse.dc.gov/publication/sy-2011-2012-enrollment-audit-grade-reclassification
407,ELIOT HINE,348,,,,,,,,,142,97,109,,,,,,,,26,41,7,24,DCPS Schools,Middle School,FY2012,OSSE,http://osse.dc.gov/publication/sy-2011-2012-enrollment-audit-grade-reclassification
246,HARDY,412,,,,,,,,,103,139,170,,,,,,,11,19,14,,3,DCPS Schools,Middle School,FY2012,OSSE,http://osse.dc.gov/publication/sy-2011-2012-enrollment-audit-grade-reclassification
413,HART,530,,,,,,,,,170,165,195,,,,,,,,23,84,18,16,DCPS Schools,Middle School,FY2012,OSSE,http://osse.dc.gov/publication/sy-2011-2012-enrollment-audit-grade-reclassification
433,JEFFERSON ACADEMY,89,,,,,,,,,89,,,,,,,,,1,3,10,2,1,DCPS Schools,Middle School,FY2012,OSSE,http://osse.dc.gov/publication/sy-2011-2012-enrollment-audit-grade-reclassification
415,JEFFERSON,174,,,,,,,,,,91,83,,,,,,,8,2,17,5,3,DCPS Schools,Middle School,FY2012,OSSE,http://osse.dc.gov/publication/sy-2011-2012-enrollment-audit-grade-reclassification
416,JOHNSON,252,,,,,,,,,88,77,87,,,,,,,,6,34,7,14,DCPS Schools,Middle School,FY2012,OSSE,http://osse.dc.gov/publication/sy-2011-2012-enrollment-audit-grade-reclassification
421,KELLY MILLER,328,,,,,,,,,113,111,104,,,,,,,2,5,38,9,22,DCPS Schools,Middle School,FY2012,OSSE,http://osse.dc.gov/publication/sy-2011-2012-enrollment-audit-grade-reclassification
417,KRAMER,277,,,,,,,,,99,94,84,,,,,,,,12,42,6,12,DCPS Schools,Middle School,FY2012,OSSE,http://osse.dc.gov/publication/sy-2011-2012-enrollment-audit-grade-reclassification
420,MACFARLAND,200,,,,,,,,44,52,51,53,,,,,,,70,16,23,7,17,DCPS Schools,Middle School,FY2012,OSSE,http://osse.dc.gov/publication/sy-2011-2012-enrollment-audit-grade-reclassification
425,BROWN RONALD H,230,,,,,,,,,81,69,80,,,,,,,2,5,25,5,41,DCPS Schools,Middle School,FY2012,OSSE,http://osse.dc.gov/publication/sy-2011-2012-enrollment-audit-grade-reclassification
432,SHAW AT GARNET-PATTERSON,154,,,,,,,,,26,42,86,,,,,,,12,10,15,6,19,DCPS Schools,Middle School,FY2012,OSSE,http://osse.dc.gov/publication/sy-2011-2012-enrollment-audit-grade-reclassification
427,SOUSA,348,,,,,,,,,110,108,130,,,,,,,2,11,32,10,9,DCPS Schools,Middle School,FY2012,OSSE,http://osse.dc.gov/publication/sy-2011-2012-enrollment-audit-grade-reclassification
428,CAPITOL HILL CLUSTER STUART-HOBSON,403,,,,,,,,,144,139,120,,,,,,,3,21,20,1,4,DCPS Schools,Middle School,FY2012,OSSE,http://osse.dc.gov/publication/sy-2011-2012-enrollment-audit-grade-reclassification
450,ANACOSTIA,784,,,,,,,,,,,,284,185,181,134,,,,34,77,95,18,DCPS Schools,Senior High School,FY2012,OSSE,http://osse.dc.gov/publication/sy-2011-2012-enrollment-audit-grade-reclassification
452,BALLOU,910,,,,,,,,,,,,318,236,195,161,,,1,64,101,42,47,DCPS Schools,Senior High School,FY2012,OSSE,http://osse.dc.gov/publication/sy-2011-2012-enrollment-audit-grade-reclassification
452a,TRANSITION ACADEMY @ BALLOU,41,,,,,,,,,,,,24,6,7,4,,,,2,,1,37,DCPS Schools,Senior High School,FY2012,OSSE,http://osse.dc.gov/publication/sy-2011-2012-enrollment-audit-grade-reclassification
462,BALLOU STAY,735,,,,,,,,,,,,,,,,735,,,21,14,,,DCPS Schools,Senior High School,FY2012,OSSE,http://osse.dc.gov/publication/sy-2011-2012-enrollment-audit-grade-reclassification
402,BANNEKER,413,,,,,,,,,,,,115,132,77,89,,,,,,,,DCPS Schools,Senior High School,FY2012,OSSE,http://osse.dc.gov/publication/sy-2011-2012-enrollment-audit-grade-reclassification
454,CARDOZO,477,,,,,,,,,,,,199,94,95,89,,,117,28,50,18,22,DCPS Schools,Senior High School,FY2012,OSSE,http://osse.dc.gov/publication/sy-2011-2012-enrollment-audit-grade-reclassification
455,COOLIDGE,547,,,,,,,,,,,,176,130,112,129,,,46,34,57,11,33,DCPS Schools,Senior High School,FY2012,OSSE,http://osse.dc.gov/publication/sy-2011-2012-enrollment-audit-grade-reclassification
467,DUNBAR-PAUL LAURENCE,514,,,,,,,,,,,,180,125,112,97,,,15,57,39,13,7,DCPS Schools,Senior High School,FY2012,OSSE,http://osse.dc.gov/publication/sy-2011-2012-enrollment-audit-grade-reclassification
467a,DUNBAR PRE-ENGINEERING  SWSC,79,,,,,,,,,,,,18,23,17,21,,,1,4,,,,DCPS Schools,Senior High School,FY2012,OSSE,http://osse.dc.gov/publication/sy-2011-2012-enrollment-audit-grade-reclassification
457,EASTERN,303,,,,,,,,,,,,295,3,1,4,,,3,9,29,17,27,DCPS Schools,Senior High School,FY2012,OSSE,http://osse.dc.gov/publication/sy-2011-2012-enrollment-audit-grade-reclassification
471,ELLINGTON SCHOOL OF THE ARTS,517,,,,,,,,,,,,143,144,123,104,,3,9,15,2,1,,DCPS Schools,Senior High School,FY2012,OSSE,http://osse.dc.gov/publication/sy-2011-2012-enrollment-audit-grade-reclassification
884,MOORE,293,,,,,,,,,,,,45,66,98,84,,,6,11,11,,,DCPS Schools,Senior High School,FY2012,OSSE,http://osse.dc.gov/publication/sy-2011-2012-enrollment-audit-grade-reclassification
458,MCKINLEY,670,,,,,,,,,,,,185,158,161,166,,,9,13,2,,,DCPS Schools,Senior High School,FY2012,OSSE,http://osse.dc.gov/publication/sy-2011-2012-enrollment-audit-grade-reclassification
478,PHELPS ACE,329,,,,,,,,,,,,68,76,99,86,,,7,14,13,1,13,DCPS Schools,Senior High School,FY2012,OSSE,http://osse.dc.gov/publication/sy-2011-2012-enrollment-audit-grade-reclassification
459,ROOSEVELT,497,,,,,,,,,,,,165,116,109,107,,,120,29,51,15,37,DCPS Schools,Senior High School,FY2012,OSSE,http://osse.dc.gov/publication/sy-2011-2012-enrollment-audit-grade-reclassification
456,ROOSEVELT STAY,497,,,,,,,,,,,,,,,,497,,,4,,,,DCPS Schools,Senior High School,FY2012,OSSE,http://osse.dc.gov/publication/sy-2011-2012-enrollment-audit-grade-reclassification
466,SCHOOL WITHOUT WALLS,527,,,,,,,,,,,,145,121,128,114,,19,1,3,,,,DCPS Schools,Senior High School,FY2012,OSSE,http://osse.dc.gov/publication/sy-2011-2012-enrollment-audit-grade-reclassification
460,SPINGARN,450,,,,,,,,,,,,143,125,104,78,,,3,38,42,12,32,DCPS Schools,Senior High School,FY2012,OSSE,http://osse.dc.gov/publication/sy-2011-2012-enrollment-audit-grade-reclassification
461,SPINGARN STAY,162,,,,,,,,,,,,,,,,162,,,9,8,,1,DCPS Schools,Senior High School,FY2012,OSSE,http://osse.dc.gov/publication/sy-2011-2012-enrollment-audit-grade-reclassification
474,WASHINGTON METROPOLITAN,253,,,,,,,,,,,,86,59,66,42,,,7,16,20,2,,DCPS Schools,Senior High School,FY2012,OSSE,http://osse.dc.gov/publication/sy-2011-2012-enrollment-audit-grade-reclassification
463,WOODROW WILSON,1633,,,,,,,,,,,,451,495,377,306,,4,140,64,48,35,27,DCPS Schools,Senior High School,FY2012,OSSE,http://osse.dc.gov/publication/sy-2011-2012-enrollment-audit-grade-reclassification
464,WOODSON,810,,,,,,,,,,,,356,174,154,126,,,2,52,97,26,56,DCPS Schools,Senior High School,FY2012,OSSE,http://osse.dc.gov/publication/sy-2011-2012-enrollment-audit-grade-reclassification
1047,ST COLETTA,234,,,,,,,,,,,,,,,,,234,,,,,233,Public Charter Special Education Schools,Special Education,FY2012,OSSE,http://osse.dc.gov/publication/sy-2011-2012-enrollment-audit-grade-reclassification
128,LAYC YOUTH BUILD,105,,,,,,,,,,,,,,,,,105,2,1,,,1,Public Charter Alternative Schools,Alternative Education,FY2012,OSSE,http://osse.dc.gov/publication/sy-2011-2012-enrollment-audit-grade-reclassification
101,MAYA ANGELOU EVANS UPPER,296,,,,,,,,,,,,,,,,,296,,5,14,61,4,Public Charter Alternative Schools,Alternative Education,FY2012,OSSE,http://osse.dc.gov/publication/sy-2011-2012-enrollment-audit-grade-reclassification
462,Ballou STAY,601,,,,,,,,,,,,,,,,601,,,,,,,DCPS Adult Education Schools,Unknown,FY2013,DCPS,http://dcps.dc.gov/node/1018342
456,Roosevelt STAY,652,,,,,,,,,,,,,,,,652,,,,,,,DCPS Adult Education Schools,Unknown,FY2013,DCPS,http://dcps.dc.gov/node/1018342
461,Spingarn STAY,124,,,,,,,,,,,,,,,,124,,,,,,,DCPS Adult Education Schools,Unknown,FY2013,DCPS,http://dcps.dc.gov/node/1018342
265,Mamie D Lee School,96,,,,,,,,,,,,,,,,,96,,,,,,DCPS Special Education Schools,Unknown,FY2013,DCPS,http://dcps.dc.gov/node/1018342
486,Prospect LC,83,,,,,,,,,,,,,,,,,83,,,,,,DCPS Special Education Schools,Unknown,FY2013,DCPS,http://dcps.dc.gov/node/1018342
312,Sharpe Health School,85,,,,,,,,,,,,,,,,,85,,,,,,DCPS Special Education Schools,Unknown,FY2013,DCPS,http://dcps.dc.gov/node/1018342
947,CHOICE Academy MS/SHS,10,,,,,,,,,,,,,,,,,10,,,,,,DCPS Youth Engagement Schools,Unknown,FY2013,DCPS,http://dcps.dc.gov/node/1018342
950,"Incarcerated Youth Program, Correctional Detention Facility",49,,,,,,,,,,,,,,,,,49,,,,,,DCPS Youth Engagement Schools,Unknown,FY2013,DCPS,http://dcps.dc.gov/node/1018342
861,Youth Services Center,89,,,,,,,,,,,,,,,,,89,,,,,,DCPS Youth Engagement Schools,Unknown,FY2013,DCPS,http://dcps.dc.gov/node/1018342
202,Aiton ES,252,30,39,32,47,32,19,25,28,,,,,,,,,,,,,,,DCPS Schools ,Elementary,FY2013,DCPS,http://dcps.dc.gov/node/1018342
203,Amidon Bowen  ES,293,31,37,42,42,40,37,23,41,,,,,,,,,,,,,,,DCPS Schools ,Elementary,FY2013,DCPS,http://dcps.dc.gov/node/1018342
450,Anacostia HS,697,,,,,,,,,,,,276,164,144,113,,,,,,,,DCPS Schools ,Senior High School,FY2013,DCPS,http://dcps.dc.gov/node/1018342
452,Ballou HS,791,,,,,,,,,,,,319,175,183,114,,,,,,,,DCPS Schools ,Senior High School,FY2013,DCPS,http://dcps.dc.gov/node/1018342
204,Bancroft ES,473,42,60,72,67,55,73,46,58,,,,,,,,,,,,,,,DCPS Schools ,Elementary,FY2013,DCPS,http://dcps.dc.gov/node/1018342
205,Barnard ES,569,64,83,85,93,66,56,60,62,,,,,,,,,,,,,,,DCPS Schools ,Elementary,FY2013,DCPS,http://dcps.dc.gov/node/1018342
206,Beers ES,384,41,55,46,57,40,65,38,42,,,,,,,,,,,,,,,DCPS Schools ,Elementary,FY2013,DCPS,http://dcps.dc.gov/node/1018342
402,Benjamin Banneker HS,394,,,,,,,,,,,,108,105,106,75,,,,,,,,DCPS Schools ,Senior High School,FY2013,DCPS,http://dcps.dc.gov/node/1018342
212,Brent ES,358,40,48,51,57,48,52,46,16,,,,,,,,,,,,,,,DCPS Schools ,Elementary,FY2013,DCPS,http://dcps.dc.gov/node/1018342
213,Brightwood EC,573,40,49,85,60,48,55,61,39,53,45,38,,,,,,,,,,,,DCPS Schools ,Elementary,FY2013,DCPS,http://dcps.dc.gov/node/1018342
346,Brookland EC at Bunker Hill,274,14,19,21,25,30,27,32,27,31,23,25,,,,,,,,,,,,DCPS Schools ,Elementary,FY2013,DCPS,http://dcps.dc.gov/node/1018342
404,Browne EC,364,21,35,29,32,34,34,30,27,35,32,55,,,,,,,,,,,,DCPS Schools ,Elementary,FY2013,DCPS,http://dcps.dc.gov/node/1018342
296,Bruce Monroe ES at Park View,442,44,60,75,64,57,40,51,51,,,,,,,,,,,,,,,DCPS Schools ,Elementary,FY2013,DCPS,http://dcps.dc.gov/node/1018342
220,Burroughs EC,283,23,28,31,26,29,25,22,32,19,30,18,,,,,,,,,,,,DCPS Schools ,Elementary,FY2013,DCPS,http://dcps.dc.gov/node/1018342
221,Burrville ES,357,49,56,55,46,38,33,41,39,,,,,,,,,,,,,,,DCPS Schools ,Elementary,FY2013,DCPS,http://dcps.dc.gov/node/1018342
247,C W  Harris ES,265,19,45,52,40,33,33,23,20,,,,,,,,,,,,,,,DCPS Schools ,Elementary,FY2013,DCPS,http://dcps.dc.gov/node/1018342
360,Capitol Hill Montessori School at Logan,224,46,45,43,23,25,18,12,12,,,,,,,,,,,,,,,DCPS Schools ,Elementary,FY2013,DCPS,http://dcps.dc.gov/node/1018342
454,Cardozo HS at Meyer,537,,,,,,,,,,,,278,103,79,77,,,,,,,,DCPS Schools ,Senior High School,FY2013,DCPS,http://dcps.dc.gov/node/1018342
224,Cleveland ES,297,31,50,41,37,40,34,35,29,,,,,,,,,,,,,,,DCPS Schools ,Elementary,FY2013,DCPS,http://dcps.dc.gov/node/1018342
442,Columbia Heights EC,1262,,,,,,,,,81,105,113,347,231,198,187,,,,,,,,DCPS Schools ,Middle School,FY2013,DCPS,http://dcps.dc.gov/node/1018342
455,Coolidge HS,490,,,,,,,,,,,,167,96,135,92,,,,,,,,DCPS Schools ,Senior High School,FY2013,DCPS,http://dcps.dc.gov/node/1018342
229,Davis ES,178,19,22,26,25,24,24,20,18,,,,,,,,,,,,,,,DCPS Schools ,Elementary,FY2013,DCPS,http://dcps.dc.gov/node/1018342
405,Deal MS,1165,,,,,,,,,431,396,338,,,,,,,,,,,,DCPS Schools ,Middle School,FY2013,DCPS,http://dcps.dc.gov/node/1018342
231,Drew ES,164,23,29,16,21,20,12,20,23,,,,,,,,,,,,,,,DCPS Schools ,Elementary,FY2013,DCPS,http://dcps.dc.gov/node/1018342
467,Dunbar HS,504,,,,,,,,,,,,128,120,139,117,,,,,,,,DCPS Schools ,Senior High School,FY2013,DCPS,http://dcps.dc.gov/node/1018342
457,Eastern HS,504,,,,,,,,,,,,319,181,3,,1,,,,,,,DCPS Schools ,Unknown,FY2013,DCPS,http://dcps.dc.gov/node/1018342
232,Eaton ES,459,,56,76,64,74,69,77,43,,,,,,,,,,,,,,,DCPS Schools ,Elementary,FY2013,DCPS,http://dcps.dc.gov/node/1018342
407,Eliot Hine MS,281,,,,,,,,,78,115,88,,,,,,,,,,,,DCPS Schools ,Middle School,FY2013,DCPS,http://dcps.dc.gov/node/1018342
471,Ellington School of the Arts,531,,,,,,,,,,,,144,145,127,115,,,,,,,,DCPS Schools ,Senior High School,FY2013,DCPS,http://dcps.dc.gov/node/1018342
343,Ferebee Hope ES,215,15,36,27,23,38,25,22,29,,,,,,,,,,,,,,,DCPS Schools ,Elementary,FY2013,DCPS,http://dcps.dc.gov/node/1018342
409,Francis Stevens EC,224,35,24,18,16,13,11,15,20,16,25,31,,,,,,,,,,,,DCPS Schools ,Elementary,FY2013,DCPS,http://dcps.dc.gov/node/1018342
238,Garfield ES,245,23,29,41,39,43,21,29,20,,,,,,,,,,,,,,,DCPS Schools ,Elementary,FY2013,DCPS,http://dcps.dc.gov/node/1018342
239,Garrison ES,228,32,40,29,28,38,21,18,22,,,,,,,,,,,,,,,DCPS Schools ,Elementary,FY2013,DCPS,http://dcps.dc.gov/node/1018342
227,H D Cooke ES,388,30,60,54,68,54,45,32,45,,,,,,,,,,,,,,,DCPS Schools ,Elementary,FY2013,DCPS,http://dcps.dc.gov/node/1018342
246,Hardy MS,404,,,,,,,,,131,129,144,,,,,,,,,,,,DCPS Schools ,Middle School,FY2013,DCPS,http://dcps.dc.gov/node/1018342
413,Hart MS,517,,,,,,,,,181,182,154,,,,,,,,,,,,DCPS Schools ,Middle School,FY2013,DCPS,http://dcps.dc.gov/node/1018342
258,Hearst ES,273,1,44,41,48,35,36,39,29,,,,,,,,,,,,,,,DCPS Schools ,Elementary,FY2013,DCPS,http://dcps.dc.gov/node/1018342
249,Hendley ES,339,15,19,49,56,52,47,57,44,,,,,,,,,,,,,,,DCPS Schools ,Elementary,FY2013,DCPS,http://dcps.dc.gov/node/1018342
251,Houston ES,238,19,24,40,36,28,38,25,28,,,,,,,,,,,,,,,DCPS Schools ,Elementary,FY2013,DCPS,http://dcps.dc.gov/node/1018342
252,Hyde Addison ES,332,,20,48,69,71,47,45,32,,,,,,,,,,,,,,,DCPS Schools ,Elementary,FY2013,DCPS,http://dcps.dc.gov/node/1018342
339,J O Wilson ES,408,51,64,68,54,64,31,44,32,,,,,,,,,,,,,,,DCPS Schools ,Elementary,FY2013,DCPS,http://dcps.dc.gov/node/1018342
254,Janney ES,599,,58,104,95,97,89,76,80,,,,,,,,,,,,,,,DCPS Schools ,Elementary,FY2013,DCPS,http://dcps.dc.gov/node/1018342
415,Jefferson Middle School,279,,,,,,,,,93,92,94,,,,,,,,,,,,DCPS Schools ,Middle School,FY2013,DCPS,http://dcps.dc.gov/node/1018342
416,"Johnson, John Hayden MS",244,,,,,,,,,80,94,70,,,,,,,,,,,,DCPS Schools ,Middle School,FY2013,DCPS,http://dcps.dc.gov/node/1018342
421,Kelly Miller MS,353,,,,,,,,,134,113,106,,,,,,,,,,,,DCPS Schools ,Middle School,FY2013,DCPS,http://dcps.dc.gov/node/1018342
256,Kenilworth ES,147,16,20,18,18,16,17,19,23,,,,,,,,,,,,,,,DCPS Schools ,Elementary,FY2013,DCPS,http://dcps.dc.gov/node/1018342
257,Ketcham ES,260,31,40,47,32,20,40,29,21,,,,,,,,,,,,,,,DCPS Schools ,Elementary,FY2013,DCPS,http://dcps.dc.gov/node/1018342
272,Key ES,375,,40,58,57,76,60,55,29,,,,,,,,,,,,,,,DCPS Schools ,Elementary,FY2013,DCPS,http://dcps.dc.gov/node/1018342
259,Kimball ES,289,15,20,43,38,51,46,44,32,,,,,,,,,,,,,,,DCPS Schools ,Elementary,FY2013,DCPS,http://dcps.dc.gov/node/1018342
344,"King, M.L. ES",311,23,41,51,38,47,27,40,44,,,,,,,,,,,,,,,DCPS Schools ,Elementary,FY2013,DCPS,http://dcps.dc.gov/node/1018342
417,Kramer MS,277,,,,,,,,,92,92,93,,,,,,,,,,,,DCPS Schools ,Middle School,FY2013,DCPS,http://dcps.dc.gov/node/1018342
261,Lafayette ES,689,,76,93,106,113,107,98,96,,,,,,,,,,,,,,,DCPS Schools ,Elementary,FY2013,DCPS,http://dcps.dc.gov/node/1018342
262,Langdon EC,350,28,29,41,43,37,26,38,30,25,27,26,,,,,,,,,,,,DCPS Schools ,Elementary,FY2013,DCPS,http://dcps.dc.gov/node/1018342
370,Langley EC,417,32,30,55,31,22,27,47,37,43,42,51,,,,,,,,,,,,DCPS Schools ,Elementary,FY2013,DCPS,http://dcps.dc.gov/node/1018342
264,LaSalle Backus EC,288,22,28,34,37,25,25,22,24,34,17,20,,,,,,,,,,,,DCPS Schools ,Elementary,FY2013,DCPS,http://dcps.dc.gov/node/1018342
266,Leckie ES,344,45,51,54,53,47,43,26,25,,,,,,,,,,,,,,,DCPS Schools ,Elementary,FY2013,DCPS,http://dcps.dc.gov/node/1018342
271,Ludlow Taylor ES,263,46,55,37,42,20,20,20,23,,,,,,,,,,,,,,,DCPS Schools ,Elementary,FY2013,DCPS,http://dcps.dc.gov/node/1018342
884,Luke Moore Alternative HS,366,,,,,,,,,,,,98,88,107,73,,,,,,,,DCPS Schools ,Senior High School,FY2013,DCPS,http://dcps.dc.gov/node/1018342
353,M C Terrell /McGogney ES,205,26,23,33,30,23,29,20,21,,,,,,,,,,,,,,,DCPS Schools ,Elementary,FY2013,DCPS,http://dcps.dc.gov/node/1018342
420,MacFarland MS,149,,,,,,,,,42,47,60,,,,,,,,,,,,DCPS Schools ,Middle School,FY2013,DCPS,http://dcps.dc.gov/node/1018342
308,Malcolm X ES,220,31,35,41,22,23,27,21,20,,,,,,,,,,,,,,,DCPS Schools ,Elementary,FY2013,DCPS,http://dcps.dc.gov/node/1018342
273,Mann ES,286,,39,52,46,49,40,36,24,,,,,,,,,,,,,,,DCPS Schools ,Elementary,FY2013,DCPS,http://dcps.dc.gov/node/1018342
284,Marie Reed ES,362,40,46,50,58,56,30,37,45,,,,,,,,,,,,,,,DCPS Schools ,Elementary,FY2013,DCPS,http://dcps.dc.gov/node/1018342
351,Marshall ES,158,21,33,34,24,12,12,9,13,,,,,,,,,,,,,,,DCPS Schools ,Elementary,FY2013,DCPS,http://dcps.dc.gov/node/1018342
274,Maury ES,317,38,49,52,38,57,42,20,21,,,,,,,,,,,,,,,DCPS Schools ,Elementary,FY2013,DCPS,http://dcps.dc.gov/node/1018342
458,McKinley Technology HS,697,,,,,,,,,,,,229,169,148,151,,,,,,,,DCPS Schools ,Senior High School,FY2013,DCPS,http://dcps.dc.gov/node/1018342
280,Miner ES,475,39,73,69,66,60,58,50,60,,,,,,,,,,,,,,,DCPS Schools ,Elementary,FY2013,DCPS,http://dcps.dc.gov/node/1018342
285,Moten ES,335,29,35,48,45,45,48,46,39,,,,,,,,,,,,,,,DCPS Schools ,Elementary,FY2013,DCPS,http://dcps.dc.gov/node/1018342
287,Murch ES,572,,60,92,86,93,93,88,60,,,,,,,,,,,,,,,DCPS Schools ,Elementary,FY2013,DCPS,http://dcps.dc.gov/node/1018342
288,Nalle ES,335,36,50,62,37,36,40,43,31,,,,,,,,,,,,,,,DCPS Schools ,Elementary,FY2013,DCPS,http://dcps.dc.gov/node/1018342
290,Noyes EC,282,18,25,24,31,28,20,31,30,23,23,29,,,,,,,,,,,,DCPS Schools ,Elementary,FY2013,DCPS,http://dcps.dc.gov/node/1018342
291,Orr ES,346,43,60,58,41,41,31,36,36,,,,,,,,,,,,,,,DCPS Schools ,Elementary,FY2013,DCPS,http://dcps.dc.gov/node/1018342
292,Oyster Adams Bilingual School,668,6,40,73,73,74,68,85,62,65,72,50,,,,,,,,,,,,DCPS Schools ,Elementary,FY2013,DCPS,http://dcps.dc.gov/node/1018342
294,Patterson ES,330,31,39,56,56,40,42,32,34,,,,,,,,,,,,,,,DCPS Schools ,Elementary,FY2013,DCPS,http://dcps.dc.gov/node/1018342
295,Payne ES,245,35,39,34,32,37,22,23,23,,,,,,,,,,,,,,,DCPS Schools ,Elementary,FY2013,DCPS,http://dcps.dc.gov/node/1018342
301,Peabody ES (Capital Hill Cluster),230,45,80,105,,,,,,,,,,,,,,,,,,,,DCPS Schools ,PreK,FY2013,DCPS,http://dcps.dc.gov/node/1018342
478,Phelps Architecture Construction and Engineering HS,340,,,,,,,,,,,,97,76,75,92,,,,,,,,DCPS Schools ,Senior High School,FY2013,DCPS,http://dcps.dc.gov/node/1018342
299,Plummer ES,263,16,47,46,30,39,26,32,27,,,,,,,,,,,,,,,DCPS Schools ,Elementary,FY2013,DCPS,http://dcps.dc.gov/node/1018342
300,Powell ES,391,35,55,73,65,56,33,40,34,,,,,,,,,,,,,,,DCPS Schools ,Elementary,FY2013,DCPS,http://dcps.dc.gov/node/1018342
316,Randle Highlands ES,358,36,47,57,39,48,44,43,44,,,,,,,,,,,,,,,DCPS Schools ,Elementary,FY2013,DCPS,http://dcps.dc.gov/node/1018342
302,Raymond EC,451,41,60,54,60,43,41,32,29,33,35,23,,,,,,,,,,,,DCPS Schools ,Elementary,FY2013,DCPS,http://dcps.dc.gov/node/1018342
425,Ron Brown MS,204,,,,,,,,,54,76,74,,,,,,,,,,,,DCPS Schools ,Middle School,FY2013,DCPS,http://dcps.dc.gov/node/1018342
459,Roosevelt HS,473,,,,,,,,,,,,199,80,98,96,,,,,,,,DCPS Schools ,Senior High School,FY2013,DCPS,http://dcps.dc.gov/node/1018342
305,Ross ES,154,15,20,25,24,21,22,19,8,,,,,,,,,,,,,,,DCPS Schools ,Elementary,FY2013,DCPS,http://dcps.dc.gov/node/1018342
307,Savoy ES,387,30,35,62,54,39,58,61,48,,,,,,,,,,,,,,,DCPS Schools ,Elementary,FY2013,DCPS,http://dcps.dc.gov/node/1018342
943,School Within School at Logan Annex,126,,40,46,40,,,,,,,,,,,,,,,,,,,DCPS Schools ,Unknown,FY2013,DCPS,http://dcps.dc.gov/node/1018342
466,School Without Walls SHS,548,,,,,,,,,,,,133,155,130,130,,,,,,,,DCPS Schools ,Senior High School,FY2013,DCPS,http://dcps.dc.gov/node/1018342
309,Seaton ES,256,31,38,36,27,30,31,30,33,,,,,,,,,,,,,,,DCPS Schools ,Elementary,FY2013,DCPS,http://dcps.dc.gov/node/1018342
432,Shaw MS at Garnet Patterson,130,,,,,,,,,32,42,56,,,,,,,,,,,,DCPS Schools ,Middle School,FY2013,DCPS,http://dcps.dc.gov/node/1018342
313,Shepherd ES,314,,38,40,45,49,47,60,35,,,,,,,,,,,,,,,DCPS Schools ,Elementary,FY2013,DCPS,http://dcps.dc.gov/node/1018342
315,Simon ES,270,20,32,36,35,51,33,32,31,,,,,,,,,,,,,,,DCPS Schools ,Elementary,FY2013,DCPS,http://dcps.dc.gov/node/1018342
322,Smothers ES,282,32,36,53,37,43,22,31,28,,,,,,,,,,,,,,,DCPS Schools ,Elementary,FY2013,DCPS,http://dcps.dc.gov/node/1018342
427,Sousa MS,304,,,,,,,,,100,109,95,,,,,,,,,,,,DCPS Schools ,Middle School,FY2013,DCPS,http://dcps.dc.gov/node/1018342
460,Spingarn HS,374,,,,,,,,,,,,129,70,97,78,,,,,,,,DCPS Schools ,Senior High School,FY2013,DCPS,http://dcps.dc.gov/node/1018342
319,Stanton ES,391,32,40,49,56,53,69,42,50,,,,,,,,,,,,,,,DCPS Schools ,Elementary,FY2013,DCPS,http://dcps.dc.gov/node/1018342
321,Stoddert ES,368,,40,80,69,59,42,44,34,,,,,,,,,,,,,,,DCPS Schools ,Elementary,FY2013,DCPS,http://dcps.dc.gov/node/1018342
428,Stuart Hobson MS (Capital Hill Cluster),371,,,,,,,,,127,128,116,,,,,,,,,,,,DCPS Schools ,Middle School,FY2013,DCPS,http://dcps.dc.gov/node/1018342
324,Takoma EC,366,32,43,49,32,29,28,32,34,33,31,23,,,,,,,,,,,,DCPS Schools ,Elementary,FY2013,DCPS,http://dcps.dc.gov/node/1018342
325,Thomas ES,312,31,45,52,42,45,33,28,36,,,,,,,,,,,,,,,DCPS Schools ,Elementary,FY2013,DCPS,http://dcps.dc.gov/node/1018342
326,Thomson ES,300,32,34,37,39,34,36,46,42,,,,,,,,,,,,,,,DCPS Schools ,Elementary,FY2013,DCPS,http://dcps.dc.gov/node/1018342
327,Truesdell EC,468,31,39,65,53,39,36,42,34,40,50,39,,,,,,,,,,,,DCPS Schools ,Elementary,FY2013,DCPS,http://dcps.dc.gov/node/1018342
328,Tubman ES,506,30,52,103,87,79,51,51,53,,,,,,,,,,,,,,,DCPS Schools ,Elementary,FY2013,DCPS,http://dcps.dc.gov/node/1018342
329,Turner ES,339,29,39,51,50,39,46,48,37,,,,,,,,,,,,,,,DCPS Schools ,Elementary,FY2013,DCPS,http://dcps.dc.gov/node/1018342
330,Tyler ES,470,62,80,105,73,47,35,40,28,,,,,,,,,,,,,,,DCPS Schools ,Elementary,FY2013,DCPS,http://dcps.dc.gov/node/1018342
332,Walker Jones EC,426,38,43,57,41,49,35,32,29,36,40,26,,,,,,,,,,,,DCPS Schools ,Elementary,FY2013,DCPS,http://dcps.dc.gov/node/1018342
474,Washington Metropolitan HS,282,,,,,,,,,,,,116,43,66,57,,,,,,,,DCPS Schools ,Senior High School,FY2013,DCPS,http://dcps.dc.gov/node/1018342
333,Watkins ES Capitol Hill Cluster,527,,,,81,122,125,111,88,,,,,,,,,,,,,,,DCPS Schools ,Elementary,FY2013,DCPS,http://dcps.dc.gov/node/1018342
336,West EC,243,28,30,29,20,18,24,17,22,20,18,17,,,,,,,,,,,,DCPS Schools ,Elementary,FY2013,DCPS,http://dcps.dc.gov/node/1018342
335,Wheatley EC,465,26,37,51,46,44,49,35,43,46,41,47,,,,,,,,,,,,DCPS Schools ,Elementary,FY2013,DCPS,http://dcps.dc.gov/node/1018342
338,Whittier EC,339,24,29,29,34,36,30,34,32,30,31,30,,,,,,,,,,,,DCPS Schools ,Elementary,FY2013,DCPS,http://dcps.dc.gov/node/1018342
463,Wilson HS,1713,,,,,,,,,,,,584,410,381,338,,,,,,,,DCPS Schools ,Senior High School,FY2013,DCPS,http://dcps.dc.gov/node/1018342
355,Winston EC,308,16,20,27,24,20,29,21,29,41,36,45,,,,,,,,,,,,DCPS Schools ,Elementary,FY2013,DCPS,http://dcps.dc.gov/node/1018342
464,Woodson H D HS,710,,,,,,,,,,,,301,147,139,123,,,,,,,,DCPS Schools ,Senior High School,FY2013,DCPS,http://dcps.dc.gov/node/1018342
462,Ballou STAY,591,,,,,,,,,,,,90,53,46,67,335,,,,,,,DCPS Adult Education Schools,Senior High School,FY2015,DCPS,http://dcps.dc.gov/node/1018342
456,Roosevelt STAY at MacFarland,802,,,,,,,,,,,,,,,,802,,,,,,,DCPS Adult Education Schools,Unknown,FY2015,DCPS,http://dcps.dc.gov/node/1018342
265,Mamie D. Lee School,56,,,,2,,1,,2,2,3,4,8,,,,,34,,,,,,DCPS Special Education Schools,Elementary,FY2015,DCPS,http://dcps.dc.gov/node/1018342
312,Sharpe Health School,60,,,,,3,7,8,6,1,4,,4,,,,,27,,,,,,DCPS Special Education Schools,Unknown,FY2015,DCPS,http://dcps.dc.gov/node/1018342
947,CHOICE Academy MS/SHS,5,,,,,,,,,,,,3,1,1,,,,,,,,,DCPS Youth Engagement Schools,Unknown,FY2015,DCPS,http://dcps.dc.gov/node/1018342
950,"Incarcerated Youth Program, Correctional Detention Facility",28,,,,,,,,,,,,13,3,4,8,,,,,,,,DCPS Youth Engagement Schools,Senior High School,FY2015,DCPS,http://dcps.dc.gov/node/1018342
861,Youth Services Center,76,,,,,,,,,1,1,6,47,12,9,,,,,,,,,DCPS Youth Engagement Schools,Middle School,FY2015,DCPS,http://dcps.dc.gov/node/1018342
202,Aiton ES,262,35,42,45,33,30,32,20,25,,,,,,,,,,,,,,,DCPS Schools ,Elementary,FY2015,DCPS,http://dcps.dc.gov/node/1018342
203,Amidon-Bowen  ES,345,31,34,49,45,50,55,46,35,,,,,,,,,,,,,,,DCPS Schools ,Elementary,FY2015,DCPS,http://dcps.dc.gov/node/1018342
450,Anacostia HS,661,,,,,,,,,,,,245,154,128,108,,26,,,,,,DCPS Schools ,Senior High School,FY2015,DCPS,http://dcps.dc.gov/node/1018342
452,Ballou HS,755,,,,,,,,,,,,316,161,143,107,,28,,,,,,DCPS Schools ,Senior High School,FY2015,DCPS,http://dcps.dc.gov/node/1018342
204,Bancroft ES,508,49,64,71,70,68,71,50,65,,,,,,,,,,,,,,,DCPS Schools ,Elementary,FY2015,DCPS,http://dcps.dc.gov/node/1018342
205,Barnard ES,602,60,76,84,98,85,81,71,47,,,,,,,,,,,,,,,DCPS Schools ,Elementary,FY2015,DCPS,http://dcps.dc.gov/node/1018342
206,Beers ES,438,41,58,58,70,46,58,42,65,,,,,,,,,,,,,,,DCPS Schools ,Elementary,FY2015,DCPS,http://dcps.dc.gov/node/1018342
402,Benjamin Banneker HS,449,,,,,,,,,,,,167,114,74,94,,,,,,,,DCPS Schools ,Senior High School,FY2015,DCPS,http://dcps.dc.gov/node/1018342
212,Brent ES,368,29,40,62,59,62,58,47,11,,,,,,,,,,,,,,,DCPS Schools ,Elementary,FY2015,DCPS,http://dcps.dc.gov/node/1018342
213,Brightwood EC,639,37,50,62,80,92,55,49,60,57,46,51,,,,,,,,,,,,DCPS Schools ,Elementary,FY2015,DCPS,http://dcps.dc.gov/node/1018342
346,Brookland EC at Bunker Hill,225,11,19,24,20,16,28,14,23,25,22,23,,,,,,,,,,,,DCPS Schools ,Elementary,FY2015,DCPS,http://dcps.dc.gov/node/1018342
404,Browne EC,353,33,38,39,27,28,40,19,25,28,32,44,,,,,,,,,,,,DCPS Schools ,Elementary,FY2015,DCPS,http://dcps.dc.gov/node/1018342
296,Bruce Monroe ES at Park View,465,46,53,68,66,72,61,59,40,,,,,,,,,,,,,,,DCPS Schools ,Elementary,FY2015,DCPS,http://dcps.dc.gov/node/1018342
220,Burroughs EC,297,32,30,37,36,24,31,29,23,18,24,13,,,,,,,,,,,,DCPS Schools ,Elementary,FY2015,DCPS,http://dcps.dc.gov/node/1018342
221,Burrville ES,360,44,52,62,53,45,47,29,28,,,,,,,,,,,,,,,DCPS Schools ,Elementary,FY2015,DCPS,http://dcps.dc.gov/node/1018342
247,C W  Harris ES,291,13,39,41,44,53,46,32,23,,,,,,,,,,,,,,,DCPS Schools ,Elementary,FY2015,DCPS,http://dcps.dc.gov/node/1018342
360,Capitol Hill Montessori School at Logan,310,60,56,44,41,45,17,21,9,4,13,,,,,,,,,,,,,DCPS Schools ,Elementary,FY2015,DCPS,http://dcps.dc.gov/node/1018342
454,Cardozo EC,781,,,,,,,,,30,42,71,299,118,112,75,,34,,,,,,DCPS Schools ,Middle School,FY2015,DCPS,http://dcps.dc.gov/node/1018342
224,Cleveland ES,308,35,44,42,41,44,38,40,24,,,,,,,,,,,,,,,DCPS Schools ,Elementary,FY2015,DCPS,http://dcps.dc.gov/node/1018342
442,Columbia Heights EC,1384,,,,,,,,,88,119,149,385,246,204,187,,6,,,,,,DCPS Schools ,Middle School,FY2015,DCPS,http://dcps.dc.gov/node/1018342
455,Coolidge HS,395,,,,,,,,,,,,151,79,83,67,,15,,,,,,DCPS Schools ,Senior High School,FY2015,DCPS,http://dcps.dc.gov/node/1018342
405,Deal MS,1312,,,,,,,,,457,412,443,,,,,,,,,,,,DCPS Schools ,Middle School,FY2015,DCPS,http://dcps.dc.gov/node/1018342
231,Drew ES,201,19,29,36,36,24,23,16,18,,,,,,,,,,,,,,,DCPS Schools ,Elementary,FY2015,DCPS,http://dcps.dc.gov/node/1018342
467,Dunbar HS,653,,,,,,,,,,,,207,166,143,125,,12,,,,,,DCPS Schools ,Senior High School,FY2015,DCPS,http://dcps.dc.gov/node/1018342
457,Eastern HS,1025,,,,,,,,,,,,374,203,213,204,,31,,,,,,DCPS Schools ,Senior High School,FY2015,DCPS,http://dcps.dc.gov/node/1018342
232,Eaton ES,475,,36,73,76,77,69,78,66,,,,,,,,,,,,,,,DCPS Schools ,Elementary,FY2015,DCPS,http://dcps.dc.gov/node/1018342
407,Eliot-Hine MS,257,,,,,,,,,75,94,88,,,,,,,,,,,,DCPS Schools ,Middle School,FY2015,DCPS,http://dcps.dc.gov/node/1018342
471,Ellington School of the Arts,523,,,,,,,,,,,,159,109,137,118,,,,,,,,DCPS Schools ,Senior High School,FY2015,DCPS,http://dcps.dc.gov/node/1018342
238,Garfield ES,284,24,29,42,38,55,35,42,19,,,,,,,,,,,,,,,DCPS Schools ,Elementary,FY2015,DCPS,http://dcps.dc.gov/node/1018342
239,Garrison ES,244,52,34,37,39,24,17,27,14,,,,,,,,,,,,,,,DCPS Schools ,Elementary,FY2015,DCPS,http://dcps.dc.gov/node/1018342
227,H D Cooke ES,400,27,57,60,51,56,56,43,50,,,,,,,,,,,,,,,DCPS Schools ,Elementary,FY2015,DCPS,http://dcps.dc.gov/node/1018342
246,Hardy MS,386,,,,,,,,,130,119,137,,,,,,,,,,,,DCPS Schools ,Middle School,FY2015,DCPS,http://dcps.dc.gov/node/1018342
413,Hart MS,479,,,,,,,,,119,171,189,,,,,,,,,,,,DCPS Schools ,Middle School,FY2015,DCPS,http://dcps.dc.gov/node/1018342
258,Hearst ES,291,,41,44,46,41,47,36,36,,,,,,,,,,,,,,,DCPS Schools ,Elementary,FY2015,DCPS,http://dcps.dc.gov/node/1018342
249,Hendley ES,503,23,33,91,78,67,78,67,66,,,,,,,,,,,,,,,DCPS Schools ,Elementary,FY2015,DCPS,http://dcps.dc.gov/node/1018342
251,Houston ES,279,24,30,43,45,38,42,20,37,,,,,,,,,,,,,,,DCPS Schools ,Elementary,FY2015,DCPS,http://dcps.dc.gov/node/1018342
252,Hyde Addison ES,305,,21,43,44,53,58,54,32,,,,,,,,,,,,,,,DCPS Schools ,Elementary,FY2015,DCPS,http://dcps.dc.gov/node/1018342
339,J O Wilson ES,466,52,63,66,64,65,60,63,33,,,,,,,,,,,,,,,DCPS Schools ,Elementary,FY2015,DCPS,http://dcps.dc.gov/node/1018342
254,Janney ES,693,,80,123,105,117,91,98,79,,,,,,,,,,,,,,,DCPS Schools ,Elementary,FY2015,DCPS,http://dcps.dc.gov/node/1018342
433,Jefferson Middle School Academy,277,,,,,,,,,97,84,96,,,,,,,,,,,,DCPS Schools ,Middle School,FY2015,DCPS,http://dcps.dc.gov/node/1018342
416,"Johnson, John Hayden MS",291,,,,,,,,,95,110,86,,,,,,,,,,,,DCPS Schools ,Middle School,FY2015,DCPS,http://dcps.dc.gov/node/1018342
421,Kelly Miller MS,546,,,,,,,,,184,180,182,,,,,,,,,,,,DCPS Schools ,Middle School,FY2015,DCPS,http://dcps.dc.gov/node/1018342
257,Ketcham ES,309,30,38,46,53,48,38,21,35,,,,,,,,,,,,,,,DCPS Schools ,Elementary,FY2015,DCPS,http://dcps.dc.gov/node/1018342
272,Key ES,383,1,39,64,65,60,61,56,37,,,,,,,,,,,,,,,DCPS Schools ,Elementary,FY2015,DCPS,http://dcps.dc.gov/node/1018342
259,Kimball ES,348,29,40,46,51,46,42,49,45,,,,,,,,,,,,,,,DCPS Schools ,Elementary,FY2015,DCPS,http://dcps.dc.gov/node/1018342
344,"King, M.L. ES",372,27,44,55,49,57,51,47,42,,,,,,,,,,,,,,,DCPS Schools ,Elementary,FY2015,DCPS,http://dcps.dc.gov/node/1018342
417,Kramer MS,333,,,,,,,,,85,111,137,,,,,,,,,,,,DCPS Schools ,Middle School,FY2015,DCPS,http://dcps.dc.gov/node/1018342
261,Lafayette ES,697,,77,110,99,94,105,113,99,,,,,,,,,,,,,,,DCPS Schools ,Elementary,FY2015,DCPS,http://dcps.dc.gov/node/1018342
262,Langdon EC,340,21,35,38,36,44,38,27,20,25,27,29,,,,,,,,,,,,DCPS Schools ,Elementary,FY2015,DCPS,http://dcps.dc.gov/node/1018342
370,Langley ES,289,30,36,40,40,61,26,25,31,,,,,,,,,,,,,,,DCPS Schools ,Elementary,FY2015,DCPS,http://dcps.dc.gov/node/1018342
264,LaSalle Backus EC,349,23,29,28,32,32,38,30,26,38,35,38,,,,,,,,,,,,DCPS Schools ,Elementary,FY2015,DCPS,http://dcps.dc.gov/node/1018342
266,Leckie ES,478,45,57,78,75,67,58,52,46,,,,,,,,,,,,,,,DCPS Schools ,Elementary,FY2015,DCPS,http://dcps.dc.gov/node/1018342
271,Ludlow Taylor ES,340,54,45,52,50,38,47,26,28,,,,,,,,,,,,,,,DCPS Schools ,Elementary,FY2015,DCPS,http://dcps.dc.gov/node/1018342
884,Luke Moore Alternative HS,350,,,,,,,,,,,,112,55,99,84,,,,,,,,DCPS Schools ,Senior High School,FY2015,DCPS,http://dcps.dc.gov/node/1018342
308,Malcolm X ES at Green,244,31,34,38,29,31,28,21,32,,,,,,,,,,,,,,,DCPS Schools ,Elementary,FY2015,DCPS,http://dcps.dc.gov/node/1018342
273,Mann ES,302,,39,54,61,46,41,43,18,,,,,,,,,,,,,,,DCPS Schools ,Elementary,FY2015,DCPS,http://dcps.dc.gov/node/1018342
284,Marie Reed ES,393,48,57,56,62,42,51,52,25,,,,,,,,,,,,,,,DCPS Schools ,Elementary,FY2015,DCPS,http://dcps.dc.gov/node/1018342
274,Maury ES,366,38,47,55,50,57,42,53,24,,,,,,,,,,,,,,,DCPS Schools ,Elementary,FY2015,DCPS,http://dcps.dc.gov/node/1018342
435,McKinley Middle School,202,,,,,,,,,62,75,65,,,,,,,,,,,,DCPS Schools ,Middle School,FY2015,DCPS,http://dcps.dc.gov/node/1018342
458,McKinley Technology HS,645,,,,,,,,,,,,200,134,166,145,,,,,,,,DCPS Schools ,Senior High School,FY2015,DCPS,http://dcps.dc.gov/node/1018342
280,Miner ES,398,57,44,65,53,58,44,46,31,,,,,,,,,,,,,,,DCPS Schools ,Elementary,FY2015,DCPS,http://dcps.dc.gov/node/1018342
285,Moten ES,395,42,42,57,64,55,49,48,38,,,,,,,,,,,,,,,DCPS Schools ,Elementary,FY2015,DCPS,http://dcps.dc.gov/node/1018342
287,Murch ES,620,,62,93,95,102,89,95,84,,,,,,,,,,,,,,,DCPS Schools ,Elementary,FY2015,DCPS,http://dcps.dc.gov/node/1018342
288,Nalle ES,384,49,60,40,51,59,38,44,43,,,,,,,,,,,,,,,DCPS Schools ,Elementary,FY2015,DCPS,http://dcps.dc.gov/node/1018342
290,Noyes EC,289,16,23,38,31,21,30,31,28,25,24,22,,,,,,,,,,,,DCPS Schools ,Elementary,FY2015,DCPS,http://dcps.dc.gov/node/1018342
291,Orr ES,384,46,60,46,56,55,41,45,35,,,,,,,,,,,,,,,DCPS Schools ,Elementary,FY2015,DCPS,http://dcps.dc.gov/node/1018342
292,Oyster Adams Bilingual School,650,7,39,68,76,73,73,73,64,62,51,64,,,,,,,,,,,,DCPS Schools ,Elementary,FY2015,DCPS,http://dcps.dc.gov/node/1018342
294,Patterson ES,380,30,46,64,43,70,51,38,38,,,,,,,,,,,,,,,DCPS Schools ,Elementary,FY2015,DCPS,http://dcps.dc.gov/node/1018342
295,Payne ES,277,39,35,38,39,38,30,37,21,,,,,,,,,,,,,,,DCPS Schools ,Elementary,FY2015,DCPS,http://dcps.dc.gov/node/1018342
301,Peabody ES (Capital Hill Cluster),227,61,80,86,,,,,,,,,,,,,,,,,,,,DCPS Schools ,PreK,FY2015,DCPS,http://dcps.dc.gov/node/1018342
478,Phelps Architecture Construction and Engineering HS,323,,,,,,,,,,,,117,114,55,37,,,,,,,,DCPS Schools ,Senior High School,FY2015,DCPS,http://dcps.dc.gov/node/1018342
299,Plummer ES,428,31,40,62,70,74,46,56,49,,,,,,,,,,,,,,,DCPS Schools ,Elementary,FY2015,DCPS,http://dcps.dc.gov/node/1018342
300,Powell ES,446,32,55,70,67,72,65,53,32,,,,,,,,,,,,,,,DCPS Schools ,Elementary,FY2015,DCPS,http://dcps.dc.gov/node/1018342
316,Randle Highlands ES,360,31,51,49,46,63,37,47,36,,,,,,,,,,,,,,,DCPS Schools ,Elementary,FY2015,DCPS,http://dcps.dc.gov/node/1018342
302,Raymond EC,581,47,60,63,66,65,65,32,43,47,40,53,,,,,,,,,,,,DCPS Schools ,Elementary,FY2015,DCPS,http://dcps.dc.gov/node/1018342
459,Roosevelt HS at MacFarland,476,,,,,,,,,,,,205,100,83,71,,17,,,,,,DCPS Schools ,Senior High School,FY2015,DCPS,http://dcps.dc.gov/node/1018342
305,Ross ES,166,16,21,25,26,24,22,20,12,,,,,,,,,,,,,,,DCPS Schools ,Elementary,FY2015,DCPS,http://dcps.dc.gov/node/1018342
307,Savoy ES,408,27,35,53,73,65,52,46,57,,,,,,,,,,,,,,,DCPS Schools ,Elementary,FY2015,DCPS,http://dcps.dc.gov/node/1018342
943,School Within School at Goding,248,32,44,47,45,41,39,,,,,,,,,,,,,,,,,DCPS Schools ,PreK,FY2015,DCPS,http://dcps.dc.gov/node/1018342
409,School Without Walls at Francis Stevens,414,40,41,35,36,31,34,25,31,44,50,47,,,,,,,,,,,,DCPS Schools ,Elementary,FY2015,DCPS,http://dcps.dc.gov/node/1018342
466,School Without Walls HS,590,,,,,,,,,,,,156,135,143,137,,19,,,,,,DCPS Schools ,Senior High School,FY2015,DCPS,http://dcps.dc.gov/node/1018342
309,Seaton ES,295,45,48,42,43,32,30,30,25,,,,,,,,,,,,,,,DCPS Schools ,Elementary,FY2015,DCPS,http://dcps.dc.gov/node/1018342
313,Shepherd ES,318,,51,42,47,41,46,49,42,,,,,,,,,,,,,,,DCPS Schools ,Elementary,FY2015,DCPS,http://dcps.dc.gov/node/1018342
315,Simon ES,293,22,28,46,42,38,38,50,29,,,,,,,,,,,,,,,DCPS Schools ,Elementary,FY2015,DCPS,http://dcps.dc.gov/node/1018342
322,Smothers ES,275,32,36,39,42,38,26,39,23,,,,,,,,,,,,,,,DCPS Schools ,Elementary,FY2015,DCPS,http://dcps.dc.gov/node/1018342
427,Sousa MS,284,,,,,,,,,82,86,116,,,,,,,,,,,,DCPS Schools ,Middle School,FY2015,DCPS,http://dcps.dc.gov/node/1018342
319,Stanton ES,578,31,56,71,96,85,74,76,89,,,,,,,,,,,,,,,DCPS Schools ,Elementary,FY2015,DCPS,http://dcps.dc.gov/node/1018342
321,Stoddert ES,418,,39,80,76,79,62,60,22,,,,,,,,,,,,,,,DCPS Schools ,Elementary,FY2015,DCPS,http://dcps.dc.gov/node/1018342
428,Stuart Hobson MS (Capital Hill Cluster),423,,,,,,,,,137,146,140,,,,,,,,,,,,DCPS Schools ,Middle School,FY2015,DCPS,http://dcps.dc.gov/node/1018342
324,Takoma EC,442,30,42,50,46,59,33,39,28,41,41,33,,,,,,,,,,,,DCPS Schools ,Elementary,FY2015,DCPS,http://dcps.dc.gov/node/1018342
325,Thomas ES,408,41,49,58,58,61,53,56,32,,,,,,,,,,,,,,,DCPS Schools ,Elementary,FY2015,DCPS,http://dcps.dc.gov/node/1018342
326,Thomson ES,272,26,34,34,39,40,39,32,28,,,,,,,,,,,,,,,DCPS Schools ,Elementary,FY2015,DCPS,http://dcps.dc.gov/node/1018342
327,Truesdell EC,526,34,48,69,64,59,60,31,34,54,26,47,,,,,,,,,,,,DCPS Schools ,Elementary,FY2015,DCPS,http://dcps.dc.gov/node/1018342
328,Tubman ES,498,33,40,73,96,80,66,64,46,,,,,,,,,,,,,,,DCPS Schools ,Elementary,FY2015,DCPS,http://dcps.dc.gov/node/1018342
329,Turner ES,392,38,51,58,54,60,40,45,46,,,,,,,,,,,,,,,DCPS Schools ,Elementary,FY2015,DCPS,http://dcps.dc.gov/node/1018342
330,Tyler ES,522,57,74,75,79,94,56,51,36,,,,,,,,,,,,,,,DCPS Schools ,Elementary,FY2015,DCPS,http://dcps.dc.gov/node/1018342
332,Walker Jones EC,465,42,42,49,63,54,36,36,28,35,34,46,,,,,,,,,,,,DCPS Schools ,Elementary,FY2015,DCPS,http://dcps.dc.gov/node/1018342
474,Washington Metropolitan HS,244,,,,,,,,,,,,114,52,54,24,,,,,,,,DCPS Schools ,Senior High School,FY2015,DCPS,http://dcps.dc.gov/node/1018342
333,Watkins ES Capitol Hill Cluster,500,,,,88,105,92,121,94,,,,,,,,,,,,,,,DCPS Schools ,Elementary,FY2015,DCPS,http://dcps.dc.gov/node/1018342
336,West EC,267,30,32,37,23,26,21,14,20,19,26,19,,,,,,,,,,,,DCPS Schools ,Elementary,FY2015,DCPS,http://dcps.dc.gov/node/1018342
335,Wheatley EC,463,31,38,47,53,50,48,42,31,37,42,44,,,,,,,,,,,,DCPS Schools ,Elementary,FY2015,DCPS,http://dcps.dc.gov/node/1018342
338,Whittier EC,350,27,28,33,38,31,33,43,25,33,22,37,,,,,,,,,,,,DCPS Schools ,Elementary,FY2015,DCPS,http://dcps.dc.gov/node/1018342
463,Wilson HS,1788,,,,,,,,,,,,589,415,396,378,,10,,,,,,DCPS Schools ,Senior High School,FY2015,DCPS,http://dcps.dc.gov/node/1018342
464,Woodson H D HS,639,,,,,,,,,,,,214,145,128,145,,7,,,,,,DCPS Schools ,Senior High School,FY2015,DCPS,http://dcps.dc.gov/node/1018342
